cell_id,x_coord,y_coord,next_cell_id,border_cell_indicator
1,0,0,1,Y
1,0,1,0,Y
1,0,2,0,Y
1,0,-1,17,Y
1,0,-2,33,Y
1,1,0,2,Y
1,1,1,0,Y
1,1,2,0,Y
1,1,-1,18,Y
1,1,-2,34,Y
1,-1,0,0,Y
1,-1,1,0,Y
1,-1,2,0,Y
1,-1,-1,0,Y
1,-1,-2,0,Y
1,2,0,3,Y
1,2,1,0,Y
1,2,2,0,Y
1,2,-1,19,Y
1,2,-2,35,Y
1,-2,0,0,Y
1,-2,1,0,Y
1,-2,2,0,Y
1,-2,-1,0,Y
1,-2,-2,0,Y
2,0,0,2,Y
2,0,1,0,Y
2,0,2,0,Y
2,0,-1,18,Y
2,0,-2,34,Y
2,1,0,3,Y
2,1,1,0,Y
2,1,2,0,Y
2,1,-1,19,Y
2,1,-2,35,Y
2,-1,0,1,Y
2,-1,1,0,Y
2,-1,2,0,Y
2,-1,-1,17,Y
2,-1,-2,33,Y
2,2,0,4,Y
2,2,1,0,Y
2,2,2,0,Y
2,2,-1,20,Y
2,2,-2,36,Y
2,-2,0,0,Y
2,-2,1,0,Y
2,-2,2,0,Y
2,-2,-1,0,Y
2,-2,-2,0,Y
3,0,0,3,Y
3,0,1,0,Y
3,0,2,0,Y
3,0,-1,19,Y
3,0,-2,35,Y
3,1,0,4,Y
3,1,1,0,Y
3,1,2,0,Y
3,1,-1,20,Y
3,1,-2,36,Y
3,-1,0,2,Y
3,-1,1,0,Y
3,-1,2,0,Y
3,-1,-1,18,Y
3,-1,-2,34,Y
3,2,0,5,Y
3,2,1,0,Y
3,2,2,0,Y
3,2,-1,21,Y
3,2,-2,37,Y
3,-2,0,1,Y
3,-2,1,0,Y
3,-2,2,0,Y
3,-2,-1,17,Y
3,-2,-2,33,Y
4,0,0,4,Y
4,0,1,0,Y
4,0,2,0,Y
4,0,-1,20,Y
4,0,-2,36,Y
4,1,0,5,Y
4,1,1,0,Y
4,1,2,0,Y
4,1,-1,21,Y
4,1,-2,37,Y
4,-1,0,3,Y
4,-1,1,0,Y
4,-1,2,0,Y
4,-1,-1,19,Y
4,-1,-2,35,Y
4,2,0,6,Y
4,2,1,0,Y
4,2,2,0,Y
4,2,-1,22,Y
4,2,-2,38,Y
4,-2,0,2,Y
4,-2,1,0,Y
4,-2,2,0,Y
4,-2,-1,20,Y
4,-2,-2,36,Y
5,0,0,5,Y
5,0,1,0,Y
5,0,2,0,Y
5,0,-1,21,Y
5,0,-2,37,Y
5,1,0,6,Y
5,1,1,0,Y
5,1,2,0,Y
5,1,-1,22,Y
5,1,-2,38,Y
5,-1,0,4,Y
5,-1,1,0,Y
5,-1,2,0,Y
5,-1,-1,20,Y
5,-1,-2,36,Y
5,2,0,7,Y
5,2,1,0,Y
5,2,2,0,Y
5,2,-1,23,Y
5,2,-2,39,Y
5,-2,0,3,Y
5,-2,1,0,Y
5,-2,2,0,Y
5,-2,-1,19,Y
5,-2,-2,35,Y
6,0,0,6,Y
6,0,1,0,Y
6,0,2,0,Y
6,0,-1,22,Y
6,0,-2,38,Y
6,1,0,7,Y
6,1,1,0,Y
6,1,2,0,Y
6,1,-1,23,Y
6,1,-2,39,Y
6,-1,0,5,Y
6,-1,1,0,Y
6,-1,2,0,Y
6,-1,-1,21,Y
6,-1,-2,37,Y
6,2,0,8,Y
6,2,1,0,Y
6,2,2,0,Y
6,2,-1,24,Y
6,2,-2,40,Y
6,-2,0,4,Y
6,-2,1,0,Y
6,-2,2,0,Y
6,-2,-1,20,Y
6,-2,-2,36,Y
7,0,0,7,Y
7,0,1,0,Y
7,0,2,0,Y
7,0,-1,23,Y
7,0,-2,39,Y
7,1,0,8,Y
7,1,1,0,Y
7,1,2,0,Y
7,1,-1,24,Y
7,1,-2,40,Y
7,-1,0,6,Y
7,-1,1,0,Y
7,-1,2,0,Y
7,-1,-1,22,Y
7,-1,-2,38,Y
7,2,0,9,Y
7,2,1,0,Y
7,2,2,0,Y
7,2,-1,25,Y
7,2,-2,41,Y
7,-2,0,5,Y
7,-2,1,0,Y
7,-2,2,0,Y
7,-2,-1,21,Y
7,-2,-2,37,Y
8,0,0,8,Y
8,0,1,0,Y
8,0,2,0,Y
8,0,-1,24,Y
8,0,-2,40,Y
8,1,0,9,Y
8,1,1,0,Y
8,1,2,0,Y
8,1,-1,25,Y
8,1,-2,41,Y
8,-1,0,7,Y
8,-1,1,0,Y
8,-1,2,0,Y
8,-1,-1,23,Y
8,-1,-2,39,Y
8,2,0,10,Y
8,2,1,0,Y
8,2,2,0,Y
8,2,-1,26,Y
8,2,-2,42,Y
8,-2,0,6,Y
8,-2,1,0,Y
8,-2,2,0,Y
8,-2,-1,22,Y
8,-2,-2,38,Y
9,0,0,9,Y
9,0,1,0,Y
9,0,2,0,Y
9,0,-1,25,Y
9,0,-2,41,Y
9,1,0,10,Y
9,1,1,0,Y
9,1,2,0,Y
9,1,-1,26,Y
9,1,-2,42,Y
9,-1,0,8,Y
9,-1,1,0,Y
9,-1,2,0,Y
9,-1,-1,24,Y
9,-1,-2,40,Y
9,2,0,11,Y
9,2,1,0,Y
9,2,2,0,Y
9,2,-1,27,Y
9,2,-2,43,Y
9,-2,0,7,Y
9,-2,1,0,Y
9,-2,2,0,Y
9,-2,-1,23,Y
9,-2,-2,39,Y
10,0,0,10,Y
10,0,1,0,Y
10,0,2,0,Y
10,0,-1,26,Y
10,0,-2,42,Y
10,1,0,11,Y
10,1,1,0,Y
10,1,2,0,Y
10,1,-1,27,Y
10,1,-2,43,Y
10,-1,0,9,Y
10,-1,1,0,Y
10,-1,2,0,Y
10,-1,-1,25,Y
10,-1,-2,41,Y
10,2,0,12,Y
10,2,1,0,Y
10,2,2,0,Y
10,2,-1,28,Y
10,2,-2,44,Y
10,-2,0,8,Y
10,-2,1,0,Y
10,-2,2,0,Y
10,-2,-1,24,Y
10,-2,-2,40,Y
11,0,0,11,Y
11,0,1,0,Y
11,0,2,0,Y
11,0,-1,27,Y
11,0,-2,43,Y
11,1,0,12,Y
11,1,1,0,Y
11,1,2,0,Y
11,1,-1,28,Y
11,1,-2,44,Y
11,-1,0,10,Y
11,-1,1,0,Y
11,-1,2,0,Y
11,-1,-1,26,Y
11,-1,-2,42,Y
11,2,0,13,Y
11,2,1,0,Y
11,2,2,0,Y
11,2,-1,29,Y
11,2,-2,45,Y
11,-2,0,9,Y
11,-2,1,0,Y
11,-2,2,0,Y
11,-2,-1,25,Y
11,-2,-2,41,Y
12,0,0,12,Y
12,0,1,0,Y
12,0,2,0,Y
12,0,-1,28,Y
12,0,-2,44,Y
12,1,0,13,Y
12,1,1,0,Y
12,1,2,0,Y
12,1,-1,29,Y
12,1,-2,45,Y
12,-1,0,11,Y
12,-1,1,0,Y
12,-1,2,0,Y
12,-1,-1,27,Y
12,-1,-2,43,Y
12,2,0,14,Y
12,2,1,0,Y
12,2,2,0,Y
12,2,-1,30,Y
12,2,-2,46,Y
12,-2,0,10,Y
12,-2,1,0,Y
12,-2,2,0,Y
12,-2,-1,26,Y
12,-2,-2,42,Y
13,0,0,13,Y
13,0,1,0,Y
13,0,2,0,Y
13,0,-1,29,Y
13,0,-2,45,Y
13,1,0,14,Y
13,1,1,0,Y
13,1,2,0,Y
13,1,-1,30,Y
13,1,-2,46,Y
13,-1,0,12,Y
13,-1,1,0,Y
13,-1,2,0,Y
13,-1,-1,28,Y
13,-1,-2,44,Y
13,2,0,15,Y
13,2,1,0,Y
13,2,2,0,Y
13,2,-1,31,Y
13,2,-2,47,Y
13,-2,0,11,Y
13,-2,1,0,Y
13,-2,2,0,Y
13,-2,-1,27,Y
13,-2,-2,43,Y
14,0,0,14,Y
14,0,1,0,Y
14,0,2,0,Y
14,0,-1,30,Y
14,0,-2,46,Y
14,1,0,15,Y
14,1,1,0,Y
14,1,2,0,Y
14,1,-1,31,Y
14,1,-2,47,Y
14,-1,0,13,Y
14,-1,1,0,Y
14,-1,2,0,Y
14,-1,-1,29,Y
14,-1,-2,45,Y
14,2,0,16,Y
14,2,1,0,Y
14,2,2,0,Y
14,2,-1,32,Y
14,2,-2,48,Y
14,-2,0,12,Y
14,-2,1,0,Y
14,-2,2,0,Y
14,-2,-1,28,Y
14,-2,-2,44,Y
15,0,0,15,Y
15,0,1,0,Y
15,0,2,0,Y
15,0,-1,31,Y
15,0,-2,47,Y
15,1,0,16,Y
15,1,1,0,Y
15,1,2,0,Y
15,1,-1,32,Y
15,1,-2,48,Y
15,-1,0,14,Y
15,-1,1,0,Y
15,-1,2,0,Y
15,-1,-1,30,Y
15,-1,-2,46,Y
15,2,0,0,Y
15,2,1,0,Y
15,2,2,0,Y
15,2,-1,0,Y
15,2,-2,0,Y
15,-2,0,13,Y
15,-2,1,0,Y
15,-2,2,0,Y
15,-2,-1,45,Y
15,-2,-2,61,Y
16,0,0,16,Y
16,0,1,0,Y
16,0,2,0,Y
16,0,-1,32,Y
16,0,-2,48,Y
16,1,0,0,Y
16,1,1,0,Y
16,1,2,0,Y
16,1,-1,0,Y
16,1,-2,0,Y
16,-1,0,15,Y
16,-1,1,0,Y
16,-1,2,0,Y
16,-1,-1,31,Y
16,-1,-2,47,Y
16,2,0,0,Y
16,2,1,0,Y
16,2,2,0,Y
16,2,-1,0,Y
16,2,-2,0,Y
16,-2,0,14,Y
16,-2,1,0,Y
16,-2,2,0,Y
16,-2,-1,30,Y
16,-2,-2,46,Y
17,0,0,17,Y
17,0,1,1,Y
17,0,2,0,Y
17,0,-1,33,Y
17,0,-2,49,Y
17,1,0,18,Y
17,1,1,2,Y
17,1,2,0,Y
17,1,-1,34,Y
17,1,-2,50,Y
17,-1,0,0,Y
17,-1,1,0,Y
17,-1,2,0,Y
17,-1,-1,0,Y
17,-1,-2,0,Y
17,2,0,19,Y
17,2,1,3,Y
17,2,2,0,Y
17,2,-1,35,Y
17,2,-2,51,Y
17,-2,0,0,Y
17,-2,1,0,Y
17,-2,2,0,Y
17,-2,-1,0,Y
17,-2,-2,0,Y
18,0,0,18,N
18,0,1,2,N
18,0,2,0,N
18,0,-1,34,N
18,0,-2,50,N
18,1,0,19,N
18,1,1,3,N
18,1,2,0,N
18,1,-1,35,N
18,1,-2,51,N
18,-1,0,17,N
18,-1,1,1,N
18,-1,2,0,N
18,-1,-1,33,N
18,-1,-2,49,N
18,2,0,20,N
18,2,1,4,N
18,2,2,0,N
18,2,-1,36,N
18,2,-2,52,N
18,-2,0,0,N
18,-2,1,0,N
18,-2,2,0,N
18,-2,-1,0,N
18,-2,-2,0,N
19,0,0,19,N
19,0,1,3,N
19,0,2,0,N
19,0,-1,35,N
19,0,-2,51,N
19,1,0,20,N
19,1,1,4,N
19,1,2,0,N
19,1,-1,36,N
19,1,-2,52,N
19,-1,0,18,N
19,-1,1,2,N
19,-1,2,0,N
19,-1,-1,34,N
19,-1,-2,50,N
19,2,0,21,N
19,2,1,5,N
19,2,2,0,N
19,2,-1,37,N
19,2,-2,53,N
19,-2,0,17,N
19,-2,1,1,N
19,-2,2,0,N
19,-2,-1,33,N
19,-2,-2,49,N
20,0,0,20,N
20,0,1,4,N
20,0,2,0,N
20,0,-1,36,N
20,0,-2,52,N
20,1,0,21,N
20,1,1,5,N
20,1,2,0,N
20,1,-1,37,N
20,1,-2,53,N
20,-1,0,19,N
20,-1,1,3,N
20,-1,2,0,N
20,-1,-1,35,N
20,-1,-2,51,N
20,2,0,22,N
20,2,1,6,N
20,2,2,0,N
20,2,-1,38,N
20,2,-2,54,N
20,-2,0,18,N
20,-2,1,2,N
20,-2,2,0,N
20,-2,-1,34,N
20,-2,-2,50,N
21,0,0,21,N
21,0,1,5,N
21,0,2,0,N
21,0,-1,37,N
21,0,-2,53,N
21,1,0,22,N
21,1,1,6,N
21,1,2,0,N
21,1,-1,38,N
21,1,-2,54,N
21,-1,0,20,N
21,-1,1,4,N
21,-1,2,0,N
21,-1,-1,36,N
21,-1,-2,52,N
21,2,0,23,N
21,2,1,7,N
21,2,2,0,N
21,2,-1,39,N
21,2,-2,55,N
21,-2,0,19,N
21,-2,1,3,N
21,-2,2,0,N
21,-2,-1,35,N
21,-2,-2,51,N
22,0,0,22,N
22,0,1,6,N
22,0,2,0,N
22,0,-1,38,N
22,0,-2,54,N
22,1,0,23,N
22,1,1,7,N
22,1,2,0,N
22,1,-1,39,N
22,1,-2,55,N
22,-1,0,21,N
22,-1,1,5,N
22,-1,2,0,N
22,-1,-1,37,N
22,-1,-2,53,N
22,2,0,24,N
22,2,1,8,N
22,2,2,0,N
22,2,-1,40,N
22,2,-2,56,N
22,-2,0,20,N
22,-2,1,4,N
22,-2,2,0,N
22,-2,-1,36,N
22,-2,-2,52,N
23,0,0,23,N
23,0,1,7,N
23,0,2,0,N
23,0,-1,39,N
23,0,-2,55,N
23,1,0,24,N
23,1,1,8,N
23,1,2,0,N
23,1,-1,40,N
23,1,-2,56,N
23,-1,0,22,N
23,-1,1,6,N
23,-1,2,0,N
23,-1,-1,38,N
23,-1,-2,54,N
23,2,0,25,N
23,2,1,9,N
23,2,2,0,N
23,2,-1,41,N
23,2,-2,57,N
23,-2,0,21,N
23,-2,1,5,N
23,-2,2,0,N
23,-2,-1,37,N
23,-2,-2,53,N
24,0,0,24,N
24,0,1,8,N
24,0,2,0,N
24,0,-1,40,N
24,0,-2,56,N
24,1,0,25,N
24,1,1,9,N
24,1,2,0,N
24,1,-1,41,N
24,1,-2,57,N
24,-1,0,23,N
24,-1,1,7,N
24,-1,2,0,N
24,-1,-1,39,N
24,-1,-2,55,N
24,2,0,26,N
24,2,1,10,N
24,2,2,0,N
24,2,-1,42,N
24,2,-2,58,N
24,-2,0,22,N
24,-2,1,6,N
24,-2,2,0,N
24,-2,-1,38,N
24,-2,-2,54,N
25,0,0,25,N
25,0,1,9,N
25,0,2,0,N
25,0,-1,41,N
25,0,-2,57,N
25,1,0,26,N
25,1,1,10,N
25,1,2,0,N
25,1,-1,42,N
25,1,-2,58,N
25,-1,0,24,N
25,-1,1,8,N
25,-1,2,0,N
25,-1,-1,40,N
25,-1,-2,56,N
25,2,0,27,N
25,2,1,11,N
25,2,2,0,N
25,2,-1,43,N
25,2,-2,59,N
25,-2,0,23,N
25,-2,1,7,N
25,-2,2,0,N
25,-2,-1,39,N
25,-2,-2,55,N
26,0,0,26,N
26,0,1,10,N
26,0,2,0,N
26,0,-1,42,N
26,0,-2,58,N
26,1,0,27,N
26,1,1,11,N
26,1,2,0,N
26,1,-1,43,N
26,1,-2,59,N
26,-1,0,25,N
26,-1,1,9,N
26,-1,2,0,N
26,-1,-1,41,N
26,-1,-2,57,N
26,2,0,28,N
26,2,1,12,N
26,2,2,0,N
26,2,-1,44,N
26,2,-2,60,N
26,-2,0,24,N
26,-2,1,8,N
26,-2,2,0,N
26,-2,-1,40,N
26,-2,-2,56,N
27,0,0,27,N
27,0,1,11,N
27,0,2,0,N
27,0,-1,43,N
27,0,-2,59,N
27,1,0,28,N
27,1,1,12,N
27,1,2,0,N
27,1,-1,44,N
27,1,-2,60,N
27,-1,0,26,N
27,-1,1,10,N
27,-1,2,0,N
27,-1,-1,42,N
27,-1,-2,58,N
27,2,0,29,N
27,2,1,13,N
27,2,2,0,N
27,2,-1,45,N
27,2,-2,61,N
27,-2,0,25,N
27,-2,1,9,N
27,-2,2,0,N
27,-2,-1,41,N
27,-2,-2,57,N
28,0,0,28,N
28,0,1,12,N
28,0,2,0,N
28,0,-1,44,N
28,0,-2,60,N
28,1,0,29,N
28,1,1,13,N
28,1,2,0,N
28,1,-1,45,N
28,1,-2,61,N
28,-1,0,27,N
28,-1,1,11,N
28,-1,2,0,N
28,-1,-1,43,N
28,-1,-2,59,N
28,2,0,30,N
28,2,1,14,N
28,2,2,0,N
28,2,-1,46,N
28,2,-2,62,N
28,-2,0,26,N
28,-2,1,10,N
28,-2,2,0,N
28,-2,-1,42,N
28,-2,-2,58,N
29,0,0,29,N
29,0,1,13,N
29,0,2,0,N
29,0,-1,45,N
29,0,-2,61,N
29,1,0,30,N
29,1,1,14,N
29,1,2,0,N
29,1,-1,46,N
29,1,-2,62,N
29,-1,0,28,N
29,-1,1,12,N
29,-1,2,0,N
29,-1,-1,44,N
29,-1,-2,60,N
29,2,0,31,N
29,2,1,15,N
29,2,2,0,N
29,2,-1,47,N
29,2,-2,63,N
29,-2,0,27,N
29,-2,1,11,N
29,-2,2,0,N
29,-2,-1,43,N
29,-2,-2,59,N
30,0,0,30,N
30,0,1,14,N
30,0,2,0,N
30,0,-1,46,N
30,0,-2,62,N
30,1,0,31,N
30,1,1,15,N
30,1,2,0,N
30,1,-1,47,N
30,1,-2,63,N
30,-1,0,29,N
30,-1,1,13,N
30,-1,2,0,N
30,-1,-1,45,N
30,-1,-2,61,N
30,2,0,32,N
30,2,1,16,N
30,2,2,0,N
30,2,-1,48,N
30,2,-2,64,N
30,-2,0,28,N
30,-2,1,12,N
30,-2,2,0,N
30,-2,-1,44,N
30,-2,-2,60,N
31,0,0,31,N
31,0,1,15,N
31,0,2,0,N
31,0,-1,47,N
31,0,-2,63,N
31,1,0,32,N
31,1,1,16,N
31,1,2,0,N
31,1,-1,48,N
31,1,-2,64,N
31,-1,0,30,N
31,-1,1,14,N
31,-1,2,0,N
31,-1,-1,46,N
31,-1,-2,62,N
31,2,0,0,N
31,2,1,0,N
31,2,2,0,N
31,2,-1,0,N
31,2,-2,0,N
31,-2,0,29,N
31,-2,1,13,N
31,-2,2,0,N
31,-2,-1,45,N
31,-2,-2,61,N
32,0,0,32,Y
32,0,1,16,Y
32,0,2,0,Y
32,0,-1,48,Y
32,0,-2,64,Y
32,1,0,0,Y
32,1,1,0,Y
32,1,2,0,Y
32,1,-1,0,Y
32,1,-2,0,Y
32,-1,0,31,Y
32,-1,1,15,Y
32,-1,2,0,Y
32,-1,-1,47,Y
32,-1,-2,63,Y
32,2,0,0,Y
32,2,1,0,Y
32,2,2,0,Y
32,2,-1,0,Y
32,2,-2,0,Y
32,-2,0,30,Y
32,-2,1,14,Y
32,-2,2,0,Y
32,-2,-1,46,Y
32,-2,-2,62,Y
33,0,0,33,Y
33,0,1,17,Y
33,0,2,1,Y
33,0,-1,49,Y
33,0,-2,65,Y
33,1,0,34,Y
33,1,1,18,Y
33,1,2,2,Y
33,1,-1,50,Y
33,1,-2,66,Y
33,-1,0,0,Y
33,-1,1,0,Y
33,-1,2,0,Y
33,-1,-1,0,Y
33,-1,-2,0,Y
33,2,0,35,Y
33,2,1,19,Y
33,2,2,3,Y
33,2,-1,51,Y
33,2,-2,67,Y
33,-2,0,0,Y
33,-2,1,0,Y
33,-2,2,0,Y
33,-2,-1,0,Y
33,-2,-2,0,Y
34,0,0,34,N
34,0,1,18,N
34,0,2,2,N
34,0,-1,50,N
34,0,-2,66,N
34,1,0,35,N
34,1,1,19,N
34,1,2,3,N
34,1,-1,51,N
34,1,-2,67,N
34,-1,0,33,N
34,-1,1,17,N
34,-1,2,1,N
34,-1,-1,49,N
34,-1,-2,65,N
34,2,0,36,N
34,2,1,20,N
34,2,2,4,N
34,2,-1,52,N
34,2,-2,68,N
34,-2,0,0,N
34,-2,1,0,N
34,-2,2,0,N
34,-2,-1,0,N
34,-2,-2,0,N
35,0,0,35,N
35,0,1,19,N
35,0,2,3,N
35,0,-1,51,N
35,0,-2,67,N
35,1,0,36,N
35,1,1,20,N
35,1,2,4,N
35,1,-1,52,N
35,1,-2,68,N
35,-1,0,34,N
35,-1,1,18,N
35,-1,2,2,N
35,-1,-1,50,N
35,-1,-2,66,N
35,2,0,37,N
35,2,1,21,N
35,2,2,5,N
35,2,-1,53,N
35,2,-2,69,N
35,-2,0,33,N
35,-2,1,17,N
35,-2,2,1,N
35,-2,-1,49,N
35,-2,-2,65,N
36,0,0,36,N
36,0,1,20,N
36,0,2,4,N
36,0,-1,52,N
36,0,-2,68,N
36,1,0,37,N
36,1,1,21,N
36,1,2,5,N
36,1,-1,53,N
36,1,-2,69,N
36,-1,0,35,N
36,-1,1,19,N
36,-1,2,3,N
36,-1,-1,51,N
36,-1,-2,67,N
36,2,0,38,N
36,2,1,22,N
36,2,2,6,N
36,2,-1,54,N
36,2,-2,70,N
36,-2,0,34,N
36,-2,1,18,N
36,-2,2,2,N
36,-2,-1,50,N
36,-2,-2,66,N
37,0,0,37,N
37,0,1,21,N
37,0,2,5,N
37,0,-1,53,N
37,0,-2,69,N
37,1,0,38,N
37,1,1,22,N
37,1,2,6,N
37,1,-1,54,N
37,1,-2,70,N
37,-1,0,36,N
37,-1,1,20,N
37,-1,2,4,N
37,-1,-1,52,N
37,-1,-2,68,N
37,2,0,39,N
37,2,1,23,N
37,2,2,7,N
37,2,-1,55,N
37,2,-2,71,N
37,-2,0,35,N
37,-2,1,19,N
37,-2,2,3,N
37,-2,-1,51,N
37,-2,-2,67,N
38,0,0,38,N
38,0,1,22,N
38,0,2,6,N
38,0,-1,54,N
38,0,-2,70,N
38,1,0,39,N
38,1,1,23,N
38,1,2,7,N
38,1,-1,55,N
38,1,-2,71,N
38,-1,0,37,N
38,-1,1,21,N
38,-1,2,5,N
38,-1,-1,53,N
38,-1,-2,69,N
38,2,0,40,N
38,2,1,24,N
38,2,2,8,N
38,2,-1,56,N
38,2,-2,72,N
38,-2,0,36,N
38,-2,1,20,N
38,-2,2,4,N
38,-2,-1,52,N
38,-2,-2,68,N
39,0,0,39,N
39,0,1,23,N
39,0,2,7,N
39,0,-1,55,N
39,0,-2,71,N
39,1,0,40,N
39,1,1,24,N
39,1,2,8,N
39,1,-1,56,N
39,1,-2,72,N
39,-1,0,38,N
39,-1,1,22,N
39,-1,2,6,N
39,-1,-1,54,N
39,-1,-2,70,N
39,2,0,41,N
39,2,1,25,N
39,2,2,9,N
39,2,-1,57,N
39,2,-2,73,N
39,-2,0,37,N
39,-2,1,21,N
39,-2,2,5,N
39,-2,-1,53,N
39,-2,-2,69,N
40,0,0,40,N
40,0,1,24,N
40,0,2,8,N
40,0,-1,56,N
40,0,-2,72,N
40,1,0,41,N
40,1,1,25,N
40,1,2,9,N
40,1,-1,57,N
40,1,-2,73,N
40,-1,0,39,N
40,-1,1,23,N
40,-1,2,7,N
40,-1,-1,55,N
40,-1,-2,71,N
40,2,0,42,N
40,2,1,26,N
40,2,2,10,N
40,2,-1,58,N
40,2,-2,74,N
40,-2,0,38,N
40,-2,1,22,N
40,-2,2,6,N
40,-2,-1,54,N
40,-2,-2,70,N
41,0,0,41,N
41,0,1,25,N
41,0,2,9,N
41,0,-1,57,N
41,0,-2,73,N
41,1,0,42,N
41,1,1,26,N
41,1,2,10,N
41,1,-1,58,N
41,1,-2,74,N
41,-1,0,40,N
41,-1,1,24,N
41,-1,2,8,N
41,-1,-1,56,N
41,-1,-2,72,N
41,2,0,43,N
41,2,1,27,N
41,2,2,11,N
41,2,-1,59,N
41,2,-2,75,N
41,-2,0,39,N
41,-2,1,23,N
41,-2,2,7,N
41,-2,-1,55,N
41,-2,-2,71,N
42,0,0,42,N
42,0,1,26,N
42,0,2,10,N
42,0,-1,58,N
42,0,-2,74,N
42,1,0,43,N
42,1,1,27,N
42,1,2,11,N
42,1,-1,59,N
42,1,-2,75,N
42,-1,0,41,N
42,-1,1,25,N
42,-1,2,9,N
42,-1,-1,57,N
42,-1,-2,73,N
42,2,0,44,N
42,2,1,28,N
42,2,2,12,N
42,2,-1,60,N
42,2,-2,76,N
42,-2,0,40,N
42,-2,1,24,N
42,-2,2,8,N
42,-2,-1,56,N
42,-2,-2,72,N
43,0,0,43,N
43,0,1,27,N
43,0,2,11,N
43,0,-1,59,N
43,0,-2,75,N
43,1,0,44,N
43,1,1,28,N
43,1,2,12,N
43,1,-1,60,N
43,1,-2,76,N
43,-1,0,42,N
43,-1,1,26,N
43,-1,2,10,N
43,-1,-1,58,N
43,-1,-2,74,N
43,2,0,45,N
43,2,1,29,N
43,2,2,13,N
43,2,-1,61,N
43,2,-2,77,N
43,-2,0,41,N
43,-2,1,25,N
43,-2,2,9,N
43,-2,-1,57,N
43,-2,-2,73,N
44,0,0,44,N
44,0,1,28,N
44,0,2,12,N
44,0,-1,60,N
44,0,-2,76,N
44,1,0,45,N
44,1,1,29,N
44,1,2,13,N
44,1,-1,61,N
44,1,-2,77,N
44,-1,0,43,N
44,-1,1,27,N
44,-1,2,11,N
44,-1,-1,59,N
44,-1,-2,75,N
44,2,0,46,N
44,2,1,30,N
44,2,2,14,N
44,2,-1,62,N
44,2,-2,78,N
44,-2,0,42,N
44,-2,1,26,N
44,-2,2,10,N
44,-2,-1,58,N
44,-2,-2,74,N
45,0,0,45,N
45,0,1,29,N
45,0,2,13,N
45,0,-1,61,N
45,0,-2,77,N
45,1,0,46,N
45,1,1,30,N
45,1,2,14,N
45,1,-1,62,N
45,1,-2,78,N
45,-1,0,44,N
45,-1,1,28,N
45,-1,2,12,N
45,-1,-1,60,N
45,-1,-2,76,N
45,2,0,47,N
45,2,1,31,N
45,2,2,15,N
45,2,-1,63,N
45,2,-2,79,N
45,-2,0,43,N
45,-2,1,27,N
45,-2,2,11,N
45,-2,-1,59,N
45,-2,-2,75,N
46,0,0,46,N
46,0,1,30,N
46,0,2,14,N
46,0,-1,62,N
46,0,-2,78,N
46,1,0,47,N
46,1,1,31,N
46,1,2,15,N
46,1,-1,63,N
46,1,-2,79,N
46,-1,0,45,N
46,-1,1,29,N
46,-1,2,13,N
46,-1,-1,61,N
46,-1,-2,77,N
46,2,0,48,N
46,2,1,32,N
46,2,2,16,N
46,2,-1,64,N
46,2,-2,80,N
46,-2,0,44,N
46,-2,1,28,N
46,-2,2,12,N
46,-2,-1,60,N
46,-2,-2,76,N
47,0,0,47,N
47,0,1,31,N
47,0,2,15,N
47,0,-1,63,N
47,0,-2,79,N
47,1,0,48,N
47,1,1,32,N
47,1,2,16,N
47,1,-1,64,N
47,1,-2,80,N
47,-1,0,46,N
47,-1,1,30,N
47,-1,2,14,N
47,-1,-1,62,N
47,-1,-2,78,N
47,2,0,0,N
47,2,1,0,N
47,2,2,0,N
47,2,-1,0,N
47,2,-2,0,N
47,-2,0,45,N
47,-2,1,29,N
47,-2,2,13,N
47,-2,-1,61,N
47,-2,-2,77,N
48,0,0,48,Y
48,0,1,32,Y
48,0,2,16,Y
48,0,-1,64,Y
48,0,-2,80,Y
48,1,0,0,Y
48,1,1,0,Y
48,1,2,0,Y
48,1,-1,0,Y
48,1,-2,0,Y
48,-1,0,47,Y
48,-1,1,31,Y
48,-1,2,15,Y
48,-1,-1,63,Y
48,-1,-2,79,Y
48,2,0,0,Y
48,2,1,0,Y
48,2,2,0,Y
48,2,-1,0,Y
48,2,-2,0,Y
48,-2,0,46,Y
48,-2,1,30,Y
48,-2,2,14,Y
48,-2,-1,62,Y
48,-2,-2,78,Y
49,0,0,49,Y
49,0,1,33,Y
49,0,2,17,Y
49,0,-1,65,Y
49,0,-2,81,Y
49,1,0,50,Y
49,1,1,34,Y
49,1,2,18,Y
49,1,-1,66,Y
49,1,-2,82,Y
49,-1,0,0,Y
49,-1,1,0,Y
49,-1,2,0,Y
49,-1,-1,0,Y
49,-1,-2,0,Y
49,2,0,51,Y
49,2,1,35,Y
49,2,2,19,Y
49,2,-1,67,Y
49,2,-2,83,Y
49,-2,0,0,Y
49,-2,1,0,Y
49,-2,2,0,Y
49,-2,-1,0,Y
49,-2,-2,0,Y
50,0,0,50,N
50,0,1,34,N
50,0,2,18,N
50,0,-1,66,N
50,0,-2,82,N
50,1,0,51,N
50,1,1,35,N
50,1,2,19,N
50,1,-1,67,N
50,1,-2,83,N
50,-1,0,49,N
50,-1,1,33,N
50,-1,2,17,N
50,-1,-1,65,N
50,-1,-2,81,N
50,2,0,52,N
50,2,1,36,N
50,2,2,20,N
50,2,-1,68,N
50,2,-2,84,N
50,-2,0,0,N
50,-2,1,0,N
50,-2,2,0,N
50,-2,-1,0,N
50,-2,-2,0,N
51,0,0,51,N
51,0,1,35,N
51,0,2,19,N
51,0,-1,67,N
51,0,-2,83,N
51,1,0,52,N
51,1,1,36,N
51,1,2,20,N
51,1,-1,68,N
51,1,-2,84,N
51,-1,0,50,N
51,-1,1,34,N
51,-1,2,18,N
51,-1,-1,66,N
51,-1,-2,82,N
51,2,0,53,N
51,2,1,37,N
51,2,2,21,N
51,2,-1,69,N
51,2,-2,85,N
51,-2,0,49,N
51,-2,1,33,N
51,-2,2,17,N
51,-2,-1,65,N
51,-2,-2,81,N
52,0,0,52,N
52,0,1,36,N
52,0,2,20,N
52,0,-1,68,N
52,0,-2,84,N
52,1,0,53,N
52,1,1,37,N
52,1,2,21,N
52,1,-1,69,N
52,1,-2,85,N
52,-1,0,51,N
52,-1,1,35,N
52,-1,2,19,N
52,-1,-1,67,N
52,-1,-2,83,N
52,2,0,54,N
52,2,1,38,N
52,2,2,22,N
52,2,-1,70,N
52,2,-2,86,N
52,-2,0,50,N
52,-2,1,34,N
52,-2,2,18,N
52,-2,-1,66,N
52,-2,-2,82,N
53,0,0,53,N
53,0,1,37,N
53,0,2,21,N
53,0,-1,69,N
53,0,-2,85,N
53,1,0,54,N
53,1,1,38,N
53,1,2,22,N
53,1,-1,70,N
53,1,-2,86,N
53,-1,0,52,N
53,-1,1,36,N
53,-1,2,20,N
53,-1,-1,68,N
53,-1,-2,84,N
53,2,0,55,N
53,2,1,39,N
53,2,2,23,N
53,2,-1,71,N
53,2,-2,87,N
53,-2,0,51,N
53,-2,1,35,N
53,-2,2,19,N
53,-2,-1,67,N
53,-2,-2,83,N
54,0,0,54,N
54,0,1,38,N
54,0,2,22,N
54,0,-1,70,N
54,0,-2,86,N
54,1,0,55,N
54,1,1,39,N
54,1,2,23,N
54,1,-1,71,N
54,1,-2,87,N
54,-1,0,53,N
54,-1,1,37,N
54,-1,2,21,N
54,-1,-1,69,N
54,-1,-2,85,N
54,2,0,56,N
54,2,1,40,N
54,2,2,24,N
54,2,-1,72,N
54,2,-2,88,N
54,-2,0,52,N
54,-2,1,36,N
54,-2,2,20,N
54,-2,-1,68,N
54,-2,-2,84,N
55,0,0,55,N
55,0,1,39,N
55,0,2,23,N
55,0,-1,71,N
55,0,-2,87,N
55,1,0,56,N
55,1,1,40,N
55,1,2,24,N
55,1,-1,72,N
55,1,-2,88,N
55,-1,0,54,N
55,-1,1,38,N
55,-1,2,22,N
55,-1,-1,70,N
55,-1,-2,86,N
55,2,0,57,N
55,2,1,41,N
55,2,2,25,N
55,2,-1,73,N
55,2,-2,89,N
55,-2,0,53,N
55,-2,1,37,N
55,-2,2,21,N
55,-2,-1,69,N
55,-2,-2,85,N
56,0,0,56,N
56,0,1,40,N
56,0,2,24,N
56,0,-1,72,N
56,0,-2,88,N
56,1,0,57,N
56,1,1,41,N
56,1,2,25,N
56,1,-1,73,N
56,1,-2,89,N
56,-1,0,55,N
56,-1,1,39,N
56,-1,2,23,N
56,-1,-1,71,N
56,-1,-2,87,N
56,2,0,58,N
56,2,1,42,N
56,2,2,26,N
56,2,-1,74,N
56,2,-2,90,N
56,-2,0,54,N
56,-2,1,38,N
56,-2,2,22,N
56,-2,-1,70,N
56,-2,-2,86,N
57,0,0,57,N
57,0,1,41,N
57,0,2,25,N
57,0,-1,73,N
57,0,-2,89,N
57,1,0,58,N
57,1,1,42,N
57,1,2,26,N
57,1,-1,74,N
57,1,-2,90,N
57,-1,0,56,N
57,-1,1,40,N
57,-1,2,24,N
57,-1,-1,72,N
57,-1,-2,88,N
57,2,0,59,N
57,2,1,43,N
57,2,2,27,N
57,2,-1,75,N
57,2,-2,91,N
57,-2,0,55,N
57,-2,1,39,N
57,-2,2,23,N
57,-2,-1,71,N
57,-2,-2,87,N
58,0,0,58,N
58,0,1,42,N
58,0,2,26,N
58,0,-1,74,N
58,0,-2,90,N
58,1,0,59,N
58,1,1,43,N
58,1,2,27,N
58,1,-1,75,N
58,1,-2,91,N
58,-1,0,57,N
58,-1,1,41,N
58,-1,2,25,N
58,-1,-1,73,N
58,-1,-2,89,N
58,2,0,60,N
58,2,1,44,N
58,2,2,28,N
58,2,-1,76,N
58,2,-2,92,N
58,-2,0,56,N
58,-2,1,40,N
58,-2,2,24,N
58,-2,-1,72,N
58,-2,-2,88,N
59,0,0,59,N
59,0,1,43,N
59,0,2,27,N
59,0,-1,75,N
59,0,-2,91,N
59,1,0,60,N
59,1,1,44,N
59,1,2,28,N
59,1,-1,76,N
59,1,-2,92,N
59,-1,0,58,N
59,-1,1,42,N
59,-1,2,26,N
59,-1,-1,74,N
59,-1,-2,90,N
59,2,0,61,N
59,2,1,45,N
59,2,2,29,N
59,2,-1,77,N
59,2,-2,93,N
59,-2,0,57,N
59,-2,1,41,N
59,-2,2,25,N
59,-2,-1,73,N
59,-2,-2,89,N
60,0,0,60,N
60,0,1,44,N
60,0,2,28,N
60,0,-1,76,N
60,0,-2,92,N
60,1,0,61,N
60,1,1,45,N
60,1,2,29,N
60,1,-1,77,N
60,1,-2,93,N
60,-1,0,59,N
60,-1,1,43,N
60,-1,2,27,N
60,-1,-1,75,N
60,-1,-2,91,N
60,2,0,62,N
60,2,1,46,N
60,2,2,30,N
60,2,-1,78,N
60,2,-2,94,N
60,-2,0,58,N
60,-2,1,42,N
60,-2,2,26,N
60,-2,-1,74,N
60,-2,-2,90,N
61,0,0,61,N
61,0,1,45,N
61,0,2,29,N
61,0,-1,77,N
61,0,-2,93,N
61,1,0,62,N
61,1,1,46,N
61,1,2,30,N
61,1,-1,78,N
61,1,-2,94,N
61,-1,0,60,N
61,-1,1,44,N
61,-1,2,28,N
61,-1,-1,76,N
61,-1,-2,92,N
61,2,0,63,N
61,2,1,47,N
61,2,2,31,N
61,2,-1,79,N
61,2,-2,95,N
61,-2,0,59,N
61,-2,1,43,N
61,-2,2,27,N
61,-2,-1,75,N
61,-2,-2,91,N
62,0,0,62,N
62,0,1,46,N
62,0,2,30,N
62,0,-1,78,N
62,0,-2,94,N
62,1,0,63,N
62,1,1,47,N
62,1,2,31,N
62,1,-1,79,N
62,1,-2,95,N
62,-1,0,61,N
62,-1,1,45,N
62,-1,2,29,N
62,-1,-1,77,N
62,-1,-2,93,N
62,2,0,64,N
62,2,1,48,N
62,2,2,32,N
62,2,-1,80,N
62,2,-2,96,N
62,-2,0,60,N
62,-2,1,44,N
62,-2,2,28,N
62,-2,-1,76,N
62,-2,-2,92,N
63,0,0,63,N
63,0,1,47,N
63,0,2,31,N
63,0,-1,79,N
63,0,-2,95,N
63,1,0,64,N
63,1,1,48,N
63,1,2,32,N
63,1,-1,80,N
63,1,-2,96,N
63,-1,0,62,N
63,-1,1,46,N
63,-1,2,30,N
63,-1,-1,78,N
63,-1,-2,94,N
63,2,0,0,N
63,2,1,0,N
63,2,2,0,N
63,2,-1,0,N
63,2,-2,0,N
63,-2,0,61,N
63,-2,1,45,N
63,-2,2,29,N
63,-2,-1,77,N
63,-2,-2,93,N
64,0,0,64,Y
64,0,1,48,Y
64,0,2,32,Y
64,0,-1,80,Y
64,0,-2,96,Y
64,1,0,0,Y
64,1,1,0,Y
64,1,2,0,Y
64,1,-1,0,Y
64,1,-2,0,Y
64,-1,0,63,Y
64,-1,1,47,Y
64,-1,2,31,Y
64,-1,-1,79,Y
64,-1,-2,95,Y
64,2,0,0,Y
64,2,1,0,Y
64,2,2,0,Y
64,2,-1,0,Y
64,2,-2,0,Y
64,-2,0,62,Y
64,-2,1,46,Y
64,-2,2,30,Y
64,-2,-1,78,Y
64,-2,-2,94,Y
65,0,0,65,Y
65,0,1,49,Y
65,0,2,33,Y
65,0,-1,81,Y
65,0,-2,97,Y
65,1,0,66,Y
65,1,1,50,Y
65,1,2,34,Y
65,1,-1,82,Y
65,1,-2,98,Y
65,-1,0,0,Y
65,-1,1,0,Y
65,-1,2,0,Y
65,-1,-1,0,Y
65,-1,-2,0,Y
65,2,0,67,Y
65,2,1,51,Y
65,2,2,35,Y
65,2,-1,83,Y
65,2,-2,99,Y
65,-2,0,0,Y
65,-2,1,0,Y
65,-2,2,0,Y
65,-2,-1,0,Y
65,-2,-2,0,Y
66,0,0,66,N
66,0,1,50,N
66,0,2,34,N
66,0,-1,82,N
66,0,-2,98,N
66,1,0,67,N
66,1,1,51,N
66,1,2,35,N
66,1,-1,83,N
66,1,-2,99,N
66,-1,0,65,N
66,-1,1,49,N
66,-1,2,33,N
66,-1,-1,81,N
66,-1,-2,97,N
66,2,0,68,N
66,2,1,52,N
66,2,2,36,N
66,2,-1,84,N
66,2,-2,100,N
66,-2,0,0,N
66,-2,1,0,N
66,-2,2,0,N
66,-2,-1,0,N
66,-2,-2,0,N
67,0,0,67,N
67,0,1,51,N
67,0,2,35,N
67,0,-1,83,N
67,0,-2,99,N
67,1,0,68,N
67,1,1,52,N
67,1,2,36,N
67,1,-1,84,N
67,1,-2,100,N
67,-1,0,66,N
67,-1,1,50,N
67,-1,2,34,N
67,-1,-1,82,N
67,-1,-2,98,N
67,2,0,69,N
67,2,1,53,N
67,2,2,37,N
67,2,-1,85,N
67,2,-2,101,N
67,-2,0,65,N
67,-2,1,49,N
67,-2,2,33,N
67,-2,-1,81,N
67,-2,-2,97,N
68,0,0,68,N
68,0,1,52,N
68,0,2,36,N
68,0,-1,84,N
68,0,-2,100,N
68,1,0,69,N
68,1,1,53,N
68,1,2,37,N
68,1,-1,85,N
68,1,-2,101,N
68,-1,0,67,N
68,-1,1,51,N
68,-1,2,35,N
68,-1,-1,83,N
68,-1,-2,99,N
68,2,0,70,N
68,2,1,54,N
68,2,2,38,N
68,2,-1,86,N
68,2,-2,102,N
68,-2,0,66,N
68,-2,1,50,N
68,-2,2,34,N
68,-2,-1,82,N
68,-2,-2,98,N
69,0,0,69,N
69,0,1,53,N
69,0,2,37,N
69,0,-1,85,N
69,0,-2,101,N
69,1,0,70,N
69,1,1,54,N
69,1,2,38,N
69,1,-1,86,N
69,1,-2,102,N
69,-1,0,68,N
69,-1,1,52,N
69,-1,2,36,N
69,-1,-1,84,N
69,-1,-2,100,N
69,2,0,71,N
69,2,1,55,N
69,2,2,39,N
69,2,-1,87,N
69,2,-2,103,N
69,-2,0,67,N
69,-2,1,51,N
69,-2,2,35,N
69,-2,-1,83,N
69,-2,-2,99,N
70,0,0,70,N
70,0,1,54,N
70,0,2,38,N
70,0,-1,86,N
70,0,-2,102,N
70,1,0,71,N
70,1,1,55,N
70,1,2,39,N
70,1,-1,87,N
70,1,-2,103,N
70,-1,0,69,N
70,-1,1,53,N
70,-1,2,37,N
70,-1,-1,85,N
70,-1,-2,101,N
70,2,0,72,N
70,2,1,56,N
70,2,2,40,N
70,2,-1,88,N
70,2,-2,104,N
70,-2,0,68,N
70,-2,1,52,N
70,-2,2,36,N
70,-2,-1,84,N
70,-2,-2,100,N
71,0,0,71,N
71,0,1,55,N
71,0,2,39,N
71,0,-1,87,N
71,0,-2,103,N
71,1,0,72,N
71,1,1,56,N
71,1,2,40,N
71,1,-1,88,N
71,1,-2,104,N
71,-1,0,70,N
71,-1,1,54,N
71,-1,2,38,N
71,-1,-1,86,N
71,-1,-2,102,N
71,2,0,73,N
71,2,1,57,N
71,2,2,41,N
71,2,-1,89,N
71,2,-2,105,N
71,-2,0,69,N
71,-2,1,53,N
71,-2,2,37,N
71,-2,-1,85,N
71,-2,-2,101,N
72,0,0,72,N
72,0,1,56,N
72,0,2,40,N
72,0,-1,88,N
72,0,-2,104,N
72,1,0,73,N
72,1,1,57,N
72,1,2,41,N
72,1,-1,89,N
72,1,-2,105,N
72,-1,0,71,N
72,-1,1,55,N
72,-1,2,39,N
72,-1,-1,87,N
72,-1,-2,103,N
72,2,0,74,N
72,2,1,58,N
72,2,2,42,N
72,2,-1,90,N
72,2,-2,106,N
72,-2,0,70,N
72,-2,1,54,N
72,-2,2,38,N
72,-2,-1,86,N
72,-2,-2,102,N
73,0,0,73,N
73,0,1,57,N
73,0,2,41,N
73,0,-1,89,N
73,0,-2,105,N
73,1,0,74,N
73,1,1,58,N
73,1,2,42,N
73,1,-1,90,N
73,1,-2,106,N
73,-1,0,72,N
73,-1,1,56,N
73,-1,2,40,N
73,-1,-1,88,N
73,-1,-2,104,N
73,2,0,75,N
73,2,1,59,N
73,2,2,43,N
73,2,-1,91,N
73,2,-2,107,N
73,-2,0,71,N
73,-2,1,55,N
73,-2,2,39,N
73,-2,-1,87,N
73,-2,-2,103,N
74,0,0,74,N
74,0,1,58,N
74,0,2,42,N
74,0,-1,90,N
74,0,-2,106,N
74,1,0,75,N
74,1,1,59,N
74,1,2,43,N
74,1,-1,91,N
74,1,-2,107,N
74,-1,0,73,N
74,-1,1,57,N
74,-1,2,41,N
74,-1,-1,89,N
74,-1,-2,105,N
74,2,0,76,N
74,2,1,60,N
74,2,2,44,N
74,2,-1,92,N
74,2,-2,108,N
74,-2,0,72,N
74,-2,1,56,N
74,-2,2,40,N
74,-2,-1,88,N
74,-2,-2,104,N
75,0,0,75,N
75,0,1,59,N
75,0,2,43,N
75,0,-1,91,N
75,0,-2,107,N
75,1,0,76,N
75,1,1,60,N
75,1,2,44,N
75,1,-1,92,N
75,1,-2,108,N
75,-1,0,74,N
75,-1,1,58,N
75,-1,2,42,N
75,-1,-1,90,N
75,-1,-2,106,N
75,2,0,77,N
75,2,1,61,N
75,2,2,45,N
75,2,-1,93,N
75,2,-2,109,N
75,-2,0,73,N
75,-2,1,57,N
75,-2,2,41,N
75,-2,-1,89,N
75,-2,-2,105,N
76,0,0,76,N
76,0,1,60,N
76,0,2,44,N
76,0,-1,92,N
76,0,-2,108,N
76,1,0,77,N
76,1,1,61,N
76,1,2,45,N
76,1,-1,93,N
76,1,-2,109,N
76,-1,0,75,N
76,-1,1,59,N
76,-1,2,43,N
76,-1,-1,91,N
76,-1,-2,107,N
76,2,0,78,N
76,2,1,62,N
76,2,2,46,N
76,2,-1,94,N
76,2,-2,110,N
76,-2,0,74,N
76,-2,1,58,N
76,-2,2,42,N
76,-2,-1,90,N
76,-2,-2,106,N
77,0,0,77,N
77,0,1,61,N
77,0,2,45,N
77,0,-1,93,N
77,0,-2,109,N
77,1,0,78,N
77,1,1,62,N
77,1,2,46,N
77,1,-1,94,N
77,1,-2,110,N
77,-1,0,76,N
77,-1,1,60,N
77,-1,2,44,N
77,-1,-1,92,N
77,-1,-2,108,N
77,2,0,79,N
77,2,1,63,N
77,2,2,47,N
77,2,-1,95,N
77,2,-2,111,N
77,-2,0,75,N
77,-2,1,59,N
77,-2,2,43,N
77,-2,-1,91,N
77,-2,-2,107,N
78,0,0,78,N
78,0,1,62,N
78,0,2,46,N
78,0,-1,94,N
78,0,-2,110,N
78,1,0,79,N
78,1,1,63,N
78,1,2,47,N
78,1,-1,95,N
78,1,-2,111,N
78,-1,0,77,N
78,-1,1,61,N
78,-1,2,45,N
78,-1,-1,93,N
78,-1,-2,109,N
78,2,0,80,N
78,2,1,64,N
78,2,2,48,N
78,2,-1,96,N
78,2,-2,112,N
78,-2,0,76,N
78,-2,1,60,N
78,-2,2,44,N
78,-2,-1,92,N
78,-2,-2,108,N
79,0,0,79,N
79,0,1,63,N
79,0,2,47,N
79,0,-1,95,N
79,0,-2,111,N
79,1,0,80,N
79,1,1,64,N
79,1,2,48,N
79,1,-1,96,N
79,1,-2,112,N
79,-1,0,78,N
79,-1,1,62,N
79,-1,2,46,N
79,-1,-1,94,N
79,-1,-2,110,N
79,2,0,0,N
79,2,1,0,N
79,2,2,0,N
79,2,-1,0,N
79,2,-2,0,N
79,-2,0,77,N
79,-2,1,61,N
79,-2,2,45,N
79,-2,-1,93,N
79,-2,-2,109,N
80,0,0,80,Y
80,0,1,64,Y
80,0,2,48,Y
80,0,-1,96,Y
80,0,-2,112,Y
80,1,0,0,Y
80,1,1,0,Y
80,1,2,0,Y
80,1,-1,0,Y
80,1,-2,0,Y
80,-1,0,79,Y
80,-1,1,63,Y
80,-1,2,47,Y
80,-1,-1,95,Y
80,-1,-2,111,Y
80,2,0,0,Y
80,2,1,0,Y
80,2,2,0,Y
80,2,-1,0,Y
80,2,-2,0,Y
80,-2,0,78,Y
80,-2,1,62,Y
80,-2,2,46,Y
80,-2,-1,94,Y
80,-2,-2,110,Y
81,0,0,81,Y
81,0,1,65,Y
81,0,2,49,Y
81,0,-1,97,Y
81,0,-2,113,Y
81,1,0,82,Y
81,1,1,66,Y
81,1,2,50,Y
81,1,-1,98,Y
81,1,-2,114,Y
81,-1,0,0,Y
81,-1,1,0,Y
81,-1,2,0,Y
81,-1,-1,0,Y
81,-1,-2,0,Y
81,2,0,83,Y
81,2,1,67,Y
81,2,2,51,Y
81,2,-1,99,Y
81,2,-2,115,Y
81,-2,0,0,Y
81,-2,1,0,Y
81,-2,2,0,Y
81,-2,-1,0,Y
81,-2,-2,0,Y
82,0,0,82,N
82,0,1,66,N
82,0,2,50,N
82,0,-1,98,N
82,0,-2,114,N
82,1,0,83,N
82,1,1,67,N
82,1,2,51,N
82,1,-1,99,N
82,1,-2,115,N
82,-1,0,81,N
82,-1,1,65,N
82,-1,2,49,N
82,-1,-1,97,N
82,-1,-2,113,N
82,2,0,84,N
82,2,1,68,N
82,2,2,52,N
82,2,-1,100,N
82,2,-2,116,N
82,-2,0,0,N
82,-2,1,0,N
82,-2,2,0,N
82,-2,-1,0,N
82,-2,-2,0,N
83,0,0,83,N
83,0,1,67,N
83,0,2,51,N
83,0,-1,99,N
83,0,-2,115,N
83,1,0,84,N
83,1,1,68,N
83,1,2,52,N
83,1,-1,100,N
83,1,-2,116,N
83,-1,0,82,N
83,-1,1,66,N
83,-1,2,50,N
83,-1,-1,98,N
83,-1,-2,114,N
83,2,0,85,N
83,2,1,69,N
83,2,2,53,N
83,2,-1,101,N
83,2,-2,117,N
83,-2,0,81,N
83,-2,1,65,N
83,-2,2,49,N
83,-2,-1,97,N
83,-2,-2,113,N
84,0,0,84,N
84,0,1,68,N
84,0,2,52,N
84,0,-1,100,N
84,0,-2,116,N
84,1,0,85,N
84,1,1,69,N
84,1,2,53,N
84,1,-1,101,N
84,1,-2,117,N
84,-1,0,83,N
84,-1,1,67,N
84,-1,2,51,N
84,-1,-1,99,N
84,-1,-2,115,N
84,2,0,86,N
84,2,1,70,N
84,2,2,54,N
84,2,-1,102,N
84,2,-2,118,N
84,-2,0,82,N
84,-2,1,66,N
84,-2,2,50,N
84,-2,-1,98,N
84,-2,-2,114,N
85,0,0,85,N
85,0,1,69,N
85,0,2,53,N
85,0,-1,101,N
85,0,-2,117,N
85,1,0,86,N
85,1,1,70,N
85,1,2,54,N
85,1,-1,102,N
85,1,-2,118,N
85,-1,0,84,N
85,-1,1,68,N
85,-1,2,52,N
85,-1,-1,100,N
85,-1,-2,116,N
85,2,0,87,N
85,2,1,71,N
85,2,2,55,N
85,2,-1,103,N
85,2,-2,119,N
85,-2,0,83,N
85,-2,1,67,N
85,-2,2,51,N
85,-2,-1,99,N
85,-2,-2,115,N
86,0,0,86,N
86,0,1,70,N
86,0,2,54,N
86,0,-1,102,N
86,0,-2,118,N
86,1,0,87,N
86,1,1,71,N
86,1,2,55,N
86,1,-1,103,N
86,1,-2,119,N
86,-1,0,85,N
86,-1,1,69,N
86,-1,2,53,N
86,-1,-1,101,N
86,-1,-2,117,N
86,2,0,88,N
86,2,1,72,N
86,2,2,56,N
86,2,-1,104,N
86,2,-2,120,N
86,-2,0,84,N
86,-2,1,68,N
86,-2,2,52,N
86,-2,-1,100,N
86,-2,-2,116,N
87,0,0,87,N
87,0,1,71,N
87,0,2,55,N
87,0,-1,103,N
87,0,-2,119,N
87,1,0,88,N
87,1,1,72,N
87,1,2,56,N
87,1,-1,104,N
87,1,-2,120,N
87,-1,0,86,N
87,-1,1,70,N
87,-1,2,54,N
87,-1,-1,102,N
87,-1,-2,118,N
87,2,0,89,N
87,2,1,73,N
87,2,2,57,N
87,2,-1,105,N
87,2,-2,121,N
87,-2,0,85,N
87,-2,1,69,N
87,-2,2,53,N
87,-2,-1,101,N
87,-2,-2,117,N
88,0,0,88,N
88,0,1,72,N
88,0,2,56,N
88,0,-1,104,N
88,0,-2,120,N
88,1,0,89,N
88,1,1,73,N
88,1,2,57,N
88,1,-1,105,N
88,1,-2,121,N
88,-1,0,87,N
88,-1,1,71,N
88,-1,2,55,N
88,-1,-1,103,N
88,-1,-2,119,N
88,2,0,90,N
88,2,1,74,N
88,2,2,58,N
88,2,-1,106,N
88,2,-2,122,N
88,-2,0,86,N
88,-2,1,70,N
88,-2,2,54,N
88,-2,-1,102,N
88,-2,-2,118,N
89,0,0,89,N
89,0,1,73,N
89,0,2,57,N
89,0,-1,105,N
89,0,-2,121,N
89,1,0,90,N
89,1,1,74,N
89,1,2,58,N
89,1,-1,106,N
89,1,-2,122,N
89,-1,0,88,N
89,-1,1,72,N
89,-1,2,56,N
89,-1,-1,104,N
89,-1,-2,120,N
89,2,0,91,N
89,2,1,75,N
89,2,2,59,N
89,2,-1,107,N
89,2,-2,123,N
89,-2,0,87,N
89,-2,1,71,N
89,-2,2,55,N
89,-2,-1,103,N
89,-2,-2,119,N
90,0,0,90,N
90,0,1,74,N
90,0,2,58,N
90,0,-1,106,N
90,0,-2,122,N
90,1,0,91,N
90,1,1,75,N
90,1,2,59,N
90,1,-1,107,N
90,1,-2,123,N
90,-1,0,89,N
90,-1,1,73,N
90,-1,2,57,N
90,-1,-1,105,N
90,-1,-2,121,N
90,2,0,92,N
90,2,1,76,N
90,2,2,60,N
90,2,-1,108,N
90,2,-2,124,N
90,-2,0,88,N
90,-2,1,72,N
90,-2,2,56,N
90,-2,-1,104,N
90,-2,-2,120,N
91,0,0,91,N
91,0,1,75,N
91,0,2,59,N
91,0,-1,107,N
91,0,-2,123,N
91,1,0,92,N
91,1,1,76,N
91,1,2,60,N
91,1,-1,108,N
91,1,-2,124,N
91,-1,0,90,N
91,-1,1,74,N
91,-1,2,58,N
91,-1,-1,106,N
91,-1,-2,122,N
91,2,0,93,N
91,2,1,77,N
91,2,2,61,N
91,2,-1,109,N
91,2,-2,125,N
91,-2,0,89,N
91,-2,1,73,N
91,-2,2,57,N
91,-2,-1,105,N
91,-2,-2,121,N
92,0,0,92,N
92,0,1,76,N
92,0,2,60,N
92,0,-1,108,N
92,0,-2,124,N
92,1,0,93,N
92,1,1,77,N
92,1,2,61,N
92,1,-1,109,N
92,1,-2,125,N
92,-1,0,91,N
92,-1,1,75,N
92,-1,2,59,N
92,-1,-1,107,N
92,-1,-2,123,N
92,2,0,94,N
92,2,1,78,N
92,2,2,62,N
92,2,-1,110,N
92,2,-2,126,N
92,-2,0,90,N
92,-2,1,74,N
92,-2,2,58,N
92,-2,-1,106,N
92,-2,-2,122,N
93,0,0,93,N
93,0,1,77,N
93,0,2,61,N
93,0,-1,109,N
93,0,-2,125,N
93,1,0,94,N
93,1,1,78,N
93,1,2,62,N
93,1,-1,110,N
93,1,-2,126,N
93,-1,0,92,N
93,-1,1,76,N
93,-1,2,60,N
93,-1,-1,108,N
93,-1,-2,124,N
93,2,0,95,N
93,2,1,79,N
93,2,2,63,N
93,2,-1,111,N
93,2,-2,127,N
93,-2,0,91,N
93,-2,1,75,N
93,-2,2,59,N
93,-2,-1,107,N
93,-2,-2,123,N
94,0,0,94,N
94,0,1,78,N
94,0,2,62,N
94,0,-1,110,N
94,0,-2,126,N
94,1,0,95,N
94,1,1,79,N
94,1,2,63,N
94,1,-1,111,N
94,1,-2,127,N
94,-1,0,93,N
94,-1,1,77,N
94,-1,2,61,N
94,-1,-1,109,N
94,-1,-2,125,N
94,2,0,96,N
94,2,1,80,N
94,2,2,64,N
94,2,-1,112,N
94,2,-2,128,N
94,-2,0,92,N
94,-2,1,76,N
94,-2,2,60,N
94,-2,-1,108,N
94,-2,-2,124,N
95,0,0,95,N
95,0,1,79,N
95,0,2,63,N
95,0,-1,111,N
95,0,-2,127,N
95,1,0,96,N
95,1,1,80,N
95,1,2,64,N
95,1,-1,112,N
95,1,-2,128,N
95,-1,0,94,N
95,-1,1,78,N
95,-1,2,62,N
95,-1,-1,110,N
95,-1,-2,126,N
95,2,0,0,N
95,2,1,0,N
95,2,2,0,N
95,2,-1,0,N
95,2,-2,0,N
95,-2,0,93,N
95,-2,1,77,N
95,-2,2,61,N
95,-2,-1,109,N
95,-2,-2,125,N
96,0,0,96,Y
96,0,1,80,Y
96,0,2,64,Y
96,0,-1,112,Y
96,0,-2,128,Y
96,1,0,0,Y
96,1,1,0,Y
96,1,2,0,Y
96,1,-1,0,Y
96,1,-2,0,Y
96,-1,0,95,Y
96,-1,1,79,Y
96,-1,2,63,Y
96,-1,-1,111,Y
96,-1,-2,127,Y
96,2,0,0,Y
96,2,1,0,Y
96,2,2,0,Y
96,2,-1,0,Y
96,2,-2,0,Y
96,-2,0,94,Y
96,-2,1,78,Y
96,-2,2,62,Y
96,-2,-1,110,Y
96,-2,-2,126,Y
97,0,0,97,Y
97,0,1,81,Y
97,0,2,65,Y
97,0,-1,113,Y
97,0,-2,129,Y
97,1,0,98,Y
97,1,1,82,Y
97,1,2,66,Y
97,1,-1,114,Y
97,1,-2,130,Y
97,-1,0,0,Y
97,-1,1,0,Y
97,-1,2,0,Y
97,-1,-1,0,Y
97,-1,-2,0,Y
97,2,0,99,Y
97,2,1,83,Y
97,2,2,67,Y
97,2,-1,115,Y
97,2,-2,131,Y
97,-2,0,0,Y
97,-2,1,0,Y
97,-2,2,0,Y
97,-2,-1,0,Y
97,-2,-2,0,Y
98,0,0,98,N
98,0,1,82,N
98,0,2,66,N
98,0,-1,114,N
98,0,-2,130,N
98,1,0,99,N
98,1,1,83,N
98,1,2,67,N
98,1,-1,115,N
98,1,-2,131,N
98,-1,0,97,N
98,-1,1,81,N
98,-1,2,65,N
98,-1,-1,113,N
98,-1,-2,129,N
98,2,0,100,N
98,2,1,84,N
98,2,2,68,N
98,2,-1,116,N
98,2,-2,132,N
98,-2,0,0,N
98,-2,1,0,N
98,-2,2,0,N
98,-2,-1,0,N
98,-2,-2,0,N
99,0,0,99,N
99,0,1,83,N
99,0,2,67,N
99,0,-1,115,N
99,0,-2,131,N
99,1,0,100,N
99,1,1,84,N
99,1,2,68,N
99,1,-1,116,N
99,1,-2,132,N
99,-1,0,98,N
99,-1,1,82,N
99,-1,2,66,N
99,-1,-1,114,N
99,-1,-2,130,N
99,2,0,101,N
99,2,1,85,N
99,2,2,69,N
99,2,-1,117,N
99,2,-2,133,N
99,-2,0,97,N
99,-2,1,81,N
99,-2,2,65,N
99,-2,-1,113,N
99,-2,-2,129,N
100,0,0,100,N
100,0,1,84,N
100,0,2,68,N
100,0,-1,116,N
100,0,-2,132,N
100,1,0,101,N
100,1,1,85,N
100,1,2,69,N
100,1,-1,117,N
100,1,-2,133,N
100,-1,0,99,N
100,-1,1,83,N
100,-1,2,67,N
100,-1,-1,115,N
100,-1,-2,131,N
100,2,0,102,N
100,2,1,86,N
100,2,2,70,N
100,2,-1,118,N
100,2,-2,134,N
100,-2,0,98,N
100,-2,1,82,N
100,-2,2,66,N
100,-2,-1,114,N
100,-2,-2,130,N
101,0,0,101,N
101,0,1,85,N
101,0,2,69,N
101,0,-1,117,N
101,0,-2,133,N
101,1,0,102,N
101,1,1,86,N
101,1,2,70,N
101,1,-1,118,N
101,1,-2,134,N
101,-1,0,100,N
101,-1,1,84,N
101,-1,2,68,N
101,-1,-1,116,N
101,-1,-2,132,N
101,2,0,103,N
101,2,1,87,N
101,2,2,71,N
101,2,-1,119,N
101,2,-2,135,N
101,-2,0,99,N
101,-2,1,83,N
101,-2,2,67,N
101,-2,-1,115,N
101,-2,-2,131,N
102,0,0,102,N
102,0,1,86,N
102,0,2,70,N
102,0,-1,118,N
102,0,-2,134,N
102,1,0,103,N
102,1,1,87,N
102,1,2,71,N
102,1,-1,119,N
102,1,-2,135,N
102,-1,0,101,N
102,-1,1,85,N
102,-1,2,69,N
102,-1,-1,117,N
102,-1,-2,133,N
102,2,0,104,N
102,2,1,88,N
102,2,2,72,N
102,2,-1,120,N
102,2,-2,136,N
102,-2,0,100,N
102,-2,1,84,N
102,-2,2,68,N
102,-2,-1,116,N
102,-2,-2,132,N
103,0,0,103,N
103,0,1,87,N
103,0,2,71,N
103,0,-1,119,N
103,0,-2,135,N
103,1,0,104,N
103,1,1,88,N
103,1,2,72,N
103,1,-1,120,N
103,1,-2,136,N
103,-1,0,102,N
103,-1,1,86,N
103,-1,2,70,N
103,-1,-1,118,N
103,-1,-2,134,N
103,2,0,105,N
103,2,1,89,N
103,2,2,73,N
103,2,-1,121,N
103,2,-2,137,N
103,-2,0,101,N
103,-2,1,85,N
103,-2,2,69,N
103,-2,-1,117,N
103,-2,-2,133,N
104,0,0,104,N
104,0,1,88,N
104,0,2,72,N
104,0,-1,120,N
104,0,-2,136,N
104,1,0,105,N
104,1,1,89,N
104,1,2,73,N
104,1,-1,121,N
104,1,-2,137,N
104,-1,0,103,N
104,-1,1,87,N
104,-1,2,71,N
104,-1,-1,119,N
104,-1,-2,135,N
104,2,0,106,N
104,2,1,90,N
104,2,2,74,N
104,2,-1,122,N
104,2,-2,138,N
104,-2,0,102,N
104,-2,1,86,N
104,-2,2,70,N
104,-2,-1,118,N
104,-2,-2,134,N
105,0,0,105,N
105,0,1,89,N
105,0,2,73,N
105,0,-1,121,N
105,0,-2,137,N
105,1,0,106,N
105,1,1,90,N
105,1,2,74,N
105,1,-1,122,N
105,1,-2,138,N
105,-1,0,104,N
105,-1,1,88,N
105,-1,2,72,N
105,-1,-1,120,N
105,-1,-2,136,N
105,2,0,107,N
105,2,1,91,N
105,2,2,75,N
105,2,-1,123,N
105,2,-2,139,N
105,-2,0,103,N
105,-2,1,87,N
105,-2,2,71,N
105,-2,-1,119,N
105,-2,-2,135,N
106,0,0,106,N
106,0,1,90,N
106,0,2,74,N
106,0,-1,122,N
106,0,-2,138,N
106,1,0,107,N
106,1,1,91,N
106,1,2,75,N
106,1,-1,123,N
106,1,-2,139,N
106,-1,0,105,N
106,-1,1,89,N
106,-1,2,73,N
106,-1,-1,121,N
106,-1,-2,137,N
106,2,0,108,N
106,2,1,92,N
106,2,2,76,N
106,2,-1,124,N
106,2,-2,140,N
106,-2,0,104,N
106,-2,1,88,N
106,-2,2,72,N
106,-2,-1,120,N
106,-2,-2,136,N
107,0,0,107,N
107,0,1,91,N
107,0,2,75,N
107,0,-1,123,N
107,0,-2,139,N
107,1,0,108,N
107,1,1,92,N
107,1,2,76,N
107,1,-1,124,N
107,1,-2,140,N
107,-1,0,106,N
107,-1,1,90,N
107,-1,2,74,N
107,-1,-1,122,N
107,-1,-2,138,N
107,2,0,109,N
107,2,1,93,N
107,2,2,77,N
107,2,-1,125,N
107,2,-2,141,N
107,-2,0,105,N
107,-2,1,89,N
107,-2,2,73,N
107,-2,-1,121,N
107,-2,-2,137,N
108,0,0,108,N
108,0,1,92,N
108,0,2,76,N
108,0,-1,124,N
108,0,-2,140,N
108,1,0,109,N
108,1,1,93,N
108,1,2,77,N
108,1,-1,125,N
108,1,-2,141,N
108,-1,0,107,N
108,-1,1,91,N
108,-1,2,75,N
108,-1,-1,123,N
108,-1,-2,139,N
108,2,0,110,N
108,2,1,94,N
108,2,2,78,N
108,2,-1,126,N
108,2,-2,142,N
108,-2,0,106,N
108,-2,1,90,N
108,-2,2,74,N
108,-2,-1,122,N
108,-2,-2,138,N
109,0,0,109,N
109,0,1,93,N
109,0,2,77,N
109,0,-1,125,N
109,0,-2,141,N
109,1,0,110,N
109,1,1,94,N
109,1,2,78,N
109,1,-1,126,N
109,1,-2,142,N
109,-1,0,108,N
109,-1,1,92,N
109,-1,2,76,N
109,-1,-1,124,N
109,-1,-2,140,N
109,2,0,111,N
109,2,1,95,N
109,2,2,79,N
109,2,-1,127,N
109,2,-2,143,N
109,-2,0,107,N
109,-2,1,91,N
109,-2,2,75,N
109,-2,-1,123,N
109,-2,-2,139,N
110,0,0,110,N
110,0,1,94,N
110,0,2,78,N
110,0,-1,126,N
110,0,-2,142,N
110,1,0,111,N
110,1,1,95,N
110,1,2,79,N
110,1,-1,127,N
110,1,-2,143,N
110,-1,0,109,N
110,-1,1,93,N
110,-1,2,77,N
110,-1,-1,125,N
110,-1,-2,141,N
110,2,0,112,N
110,2,1,96,N
110,2,2,80,N
110,2,-1,128,N
110,2,-2,144,N
110,-2,0,108,N
110,-2,1,92,N
110,-2,2,76,N
110,-2,-1,124,N
110,-2,-2,140,N
111,0,0,111,N
111,0,1,95,N
111,0,2,79,N
111,0,-1,127,N
111,0,-2,143,N
111,1,0,112,N
111,1,1,96,N
111,1,2,80,N
111,1,-1,128,N
111,1,-2,144,N
111,-1,0,110,N
111,-1,1,94,N
111,-1,2,78,N
111,-1,-1,126,N
111,-1,-2,142,N
111,2,0,0,N
111,2,1,0,N
111,2,2,0,N
111,2,-1,0,N
111,2,-2,0,N
111,-2,0,109,N
111,-2,1,93,N
111,-2,2,77,N
111,-2,-1,125,N
111,-2,-2,141,N
112,0,0,112,Y
112,0,1,96,Y
112,0,2,80,Y
112,0,-1,128,Y
112,0,-2,144,Y
112,1,0,0,Y
112,1,1,0,Y
112,1,2,0,Y
112,1,-1,0,Y
112,1,-2,0,Y
112,-1,0,111,Y
112,-1,1,95,Y
112,-1,2,79,Y
112,-1,-1,127,Y
112,-1,-2,143,Y
112,2,0,0,Y
112,2,1,0,Y
112,2,2,0,Y
112,2,-1,0,Y
112,2,-2,0,Y
112,-2,0,110,Y
112,-2,1,94,Y
112,-2,2,78,Y
112,-2,-1,126,Y
112,-2,-2,142,Y
113,0,0,113,Y
113,0,1,97,Y
113,0,2,81,Y
113,0,-1,129,Y
113,0,-2,145,Y
113,1,0,114,Y
113,1,1,98,Y
113,1,2,82,Y
113,1,-1,130,Y
113,1,-2,146,Y
113,-1,0,0,Y
113,-1,1,0,Y
113,-1,2,0,Y
113,-1,-1,0,Y
113,-1,-2,0,Y
113,2,0,115,Y
113,2,1,99,Y
113,2,2,83,Y
113,2,-1,131,Y
113,2,-2,147,Y
113,-2,0,0,Y
113,-2,1,0,Y
113,-2,2,0,Y
113,-2,-1,0,Y
113,-2,-2,0,Y
114,0,0,113,N
114,0,1,97,N
114,0,2,81,N
114,0,-1,129,N
114,0,-2,145,N
114,1,0,115,N
114,1,1,99,N
114,1,2,83,N
114,1,-1,131,N
114,1,-2,147,N
114,-1,0,113,N
114,-1,1,97,N
114,-1,2,81,N
114,-1,-1,129,N
114,-1,-2,145,N
114,2,0,116,N
114,2,1,100,N
114,2,2,84,N
114,2,-1,132,N
114,2,-2,148,N
114,-2,0,0,N
114,-2,1,0,N
114,-2,2,0,N
114,-2,-1,0,N
114,-2,-2,0,N
115,0,0,115,N
115,0,1,99,N
115,0,2,83,N
115,0,-1,131,N
115,0,-2,147,N
115,1,0,116,N
115,1,1,100,N
115,1,2,84,N
115,1,-1,132,N
115,1,-2,148,N
115,-1,0,114,N
115,-1,1,98,N
115,-1,2,82,N
115,-1,-1,130,N
115,-1,-2,146,N
115,2,0,117,N
115,2,1,101,N
115,2,2,85,N
115,2,-1,133,N
115,2,-2,149,N
115,-2,0,113,N
115,-2,1,97,N
115,-2,2,81,N
115,-2,-1,129,N
115,-2,-2,145,N
116,0,0,116,N
116,0,1,100,N
116,0,2,84,N
116,0,-1,132,N
116,0,-2,148,N
116,1,0,117,N
116,1,1,101,N
116,1,2,85,N
116,1,-1,133,N
116,1,-2,149,N
116,-1,0,115,N
116,-1,1,99,N
116,-1,2,83,N
116,-1,-1,131,N
116,-1,-2,147,N
116,2,0,118,N
116,2,1,102,N
116,2,2,86,N
116,2,-1,134,N
116,2,-2,150,N
116,-2,0,114,N
116,-2,1,98,N
116,-2,2,82,N
116,-2,-1,130,N
116,-2,-2,146,N
117,0,0,117,N
117,0,1,101,N
117,0,2,85,N
117,0,-1,133,N
117,0,-2,149,N
117,1,0,118,N
117,1,1,102,N
117,1,2,86,N
117,1,-1,134,N
117,1,-2,150,N
117,-1,0,116,N
117,-1,1,100,N
117,-1,2,84,N
117,-1,-1,132,N
117,-1,-2,148,N
117,2,0,119,N
117,2,1,103,N
117,2,2,87,N
117,2,-1,135,N
117,2,-2,151,N
117,-2,0,115,N
117,-2,1,99,N
117,-2,2,83,N
117,-2,-1,131,N
117,-2,-2,147,N
118,0,0,118,N
118,0,1,102,N
118,0,2,86,N
118,0,-1,134,N
118,0,-2,150,N
118,1,0,119,N
118,1,1,103,N
118,1,2,87,N
118,1,-1,135,N
118,1,-2,151,N
118,-1,0,117,N
118,-1,1,101,N
118,-1,2,85,N
118,-1,-1,133,N
118,-1,-2,149,N
118,2,0,120,N
118,2,1,104,N
118,2,2,88,N
118,2,-1,136,N
118,2,-2,152,N
118,-2,0,116,N
118,-2,1,100,N
118,-2,2,84,N
118,-2,-1,132,N
118,-2,-2,148,N
119,0,0,119,N
119,0,1,103,N
119,0,2,87,N
119,0,-1,135,N
119,0,-2,151,N
119,1,0,120,N
119,1,1,104,N
119,1,2,88,N
119,1,-1,136,N
119,1,-2,152,N
119,-1,0,118,N
119,-1,1,102,N
119,-1,2,86,N
119,-1,-1,134,N
119,-1,-2,150,N
119,2,0,121,N
119,2,1,105,N
119,2,2,89,N
119,2,-1,137,N
119,2,-2,153,N
119,-2,0,117,N
119,-2,1,101,N
119,-2,2,85,N
119,-2,-1,133,N
119,-2,-2,149,N
120,0,0,120,N
120,0,1,104,N
120,0,2,88,N
120,0,-1,136,N
120,0,-2,152,N
120,1,0,121,N
120,1,1,105,N
120,1,2,89,N
120,1,-1,137,N
120,1,-2,153,N
120,-1,0,119,N
120,-1,1,103,N
120,-1,2,87,N
120,-1,-1,135,N
120,-1,-2,151,N
120,2,0,122,N
120,2,1,106,N
120,2,2,90,N
120,2,-1,138,N
120,2,-2,154,N
120,-2,0,118,N
120,-2,1,102,N
120,-2,2,86,N
120,-2,-1,134,N
120,-2,-2,150,N
121,0,0,121,N
121,0,1,105,N
121,0,2,89,N
121,0,-1,137,N
121,0,-2,153,N
121,1,0,122,N
121,1,1,106,N
121,1,2,90,N
121,1,-1,138,N
121,1,-2,154,N
121,-1,0,120,N
121,-1,1,104,N
121,-1,2,88,N
121,-1,-1,136,N
121,-1,-2,152,N
121,2,0,123,N
121,2,1,107,N
121,2,2,91,N
121,2,-1,139,N
121,2,-2,155,N
121,-2,0,119,N
121,-2,1,103,N
121,-2,2,87,N
121,-2,-1,135,N
121,-2,-2,151,N
122,0,0,122,N
122,0,1,106,N
122,0,2,90,N
122,0,-1,138,N
122,0,-2,154,N
122,1,0,123,N
122,1,1,107,N
122,1,2,91,N
122,1,-1,139,N
122,1,-2,155,N
122,-1,0,121,N
122,-1,1,105,N
122,-1,2,89,N
122,-1,-1,137,N
122,-1,-2,153,N
122,2,0,124,N
122,2,1,108,N
122,2,2,92,N
122,2,-1,140,N
122,2,-2,156,N
122,-2,0,120,N
122,-2,1,104,N
122,-2,2,88,N
122,-2,-1,136,N
122,-2,-2,152,N
123,0,0,123,N
123,0,1,107,N
123,0,2,91,N
123,0,-1,139,N
123,0,-2,155,N
123,1,0,124,N
123,1,1,108,N
123,1,2,92,N
123,1,-1,140,N
123,1,-2,156,N
123,-1,0,122,N
123,-1,1,106,N
123,-1,2,90,N
123,-1,-1,138,N
123,-1,-2,154,N
123,2,0,125,N
123,2,1,109,N
123,2,2,93,N
123,2,-1,141,N
123,2,-2,157,N
123,-2,0,121,N
123,-2,1,105,N
123,-2,2,89,N
123,-2,-1,137,N
123,-2,-2,153,N
124,0,0,124,N
124,0,1,108,N
124,0,2,92,N
124,0,-1,140,N
124,0,-2,156,N
124,1,0,125,N
124,1,1,109,N
124,1,2,93,N
124,1,-1,141,N
124,1,-2,157,N
124,-1,0,123,N
124,-1,1,107,N
124,-1,2,91,N
124,-1,-1,139,N
124,-1,-2,155,N
124,2,0,126,N
124,2,1,110,N
124,2,2,94,N
124,2,-1,142,N
124,2,-2,158,N
124,-2,0,122,N
124,-2,1,106,N
124,-2,2,90,N
124,-2,-1,138,N
124,-2,-2,154,N
125,0,0,125,N
125,0,1,109,N
125,0,2,93,N
125,0,-1,141,N
125,0,-2,157,N
125,1,0,126,N
125,1,1,110,N
125,1,2,94,N
125,1,-1,142,N
125,1,-2,158,N
125,-1,0,124,N
125,-1,1,108,N
125,-1,2,92,N
125,-1,-1,140,N
125,-1,-2,156,N
125,2,0,127,N
125,2,1,111,N
125,2,2,95,N
125,2,-1,143,N
125,2,-2,159,N
125,-2,0,123,N
125,-2,1,107,N
125,-2,2,91,N
125,-2,-1,139,N
125,-2,-2,155,N
126,0,0,126,N
126,0,1,110,N
126,0,2,94,N
126,0,-1,142,N
126,0,-2,158,N
126,1,0,127,N
126,1,1,111,N
126,1,2,95,N
126,1,-1,143,N
126,1,-2,159,N
126,-1,0,125,N
126,-1,1,109,N
126,-1,2,93,N
126,-1,-1,141,N
126,-1,-2,157,N
126,2,0,128,N
126,2,1,112,N
126,2,2,96,N
126,2,-1,144,N
126,2,-2,160,N
126,-2,0,124,N
126,-2,1,108,N
126,-2,2,92,N
126,-2,-1,140,N
126,-2,-2,156,N
127,0,0,127,N
127,0,1,111,N
127,0,2,95,N
127,0,-1,143,N
127,0,-2,159,N
127,1,0,128,N
127,1,1,112,N
127,1,2,96,N
127,1,-1,144,N
127,1,-2,160,N
127,-1,0,126,N
127,-1,1,110,N
127,-1,2,94,N
127,-1,-1,142,N
127,-1,-2,158,N
127,2,0,0,N
127,2,1,0,N
127,2,2,0,N
127,2,-1,0,N
127,2,-2,0,N
127,-2,0,125,N
127,-2,1,109,N
127,-2,2,93,N
127,-2,-1,141,N
127,-2,-2,157,N
128,0,0,128,Y
128,0,1,112,Y
128,0,2,96,Y
128,0,-1,144,Y
128,0,-2,160,Y
128,1,0,0,Y
128,1,1,0,Y
128,1,2,0,Y
128,1,-1,0,Y
128,1,-2,0,Y
128,-1,0,127,Y
128,-1,1,111,Y
128,-1,2,95,Y
128,-1,-1,143,Y
128,-1,-2,159,Y
128,2,0,0,Y
128,2,1,0,Y
128,2,2,0,Y
128,2,-1,0,Y
128,2,-2,0,Y
128,-2,0,126,Y
128,-2,1,110,Y
128,-2,2,94,Y
128,-2,-1,142,Y
128,-2,-2,158,Y
129,0,0,129,Y
129,0,1,113,Y
129,0,2,97,Y
129,0,-1,145,Y
129,0,-2,161,Y
129,1,0,130,Y
129,1,1,114,Y
129,1,2,98,Y
129,1,-1,146,Y
129,1,-2,162,Y
129,-1,0,0,Y
129,-1,1,0,Y
129,-1,2,0,Y
129,-1,-1,0,Y
129,-1,-2,0,Y
129,2,0,131,Y
129,2,1,115,Y
129,2,2,99,Y
129,2,-1,131,Y
129,2,-2,147,Y
129,-2,0,0,Y
129,-2,1,0,Y
129,-2,2,0,Y
129,-2,-1,0,Y
129,-2,-2,0,Y
130,0,0,130,N
130,0,1,114,N
130,0,2,98,N
130,0,-1,146,N
130,0,-2,162,N
130,1,0,131,N
130,1,1,115,N
130,1,2,99,N
130,1,-1,147,N
130,1,-2,163,N
130,-1,0,129,N
130,-1,1,113,N
130,-1,2,97,N
130,-1,-1,145,N
130,-1,-2,161,N
130,2,0,132,N
130,2,1,116,N
130,2,2,100,N
130,2,-1,148,N
130,2,-2,164,N
130,-2,0,0,N
130,-2,1,0,N
130,-2,2,0,N
130,-2,-1,0,N
130,-2,-2,0,N
131,0,0,131,N
131,0,1,115,N
131,0,2,99,N
131,0,-1,147,N
131,0,-2,163,N
131,1,0,132,N
131,1,1,116,N
131,1,2,100,N
131,1,-1,148,N
131,1,-2,164,N
131,-1,0,130,N
131,-1,1,114,N
131,-1,2,98,N
131,-1,-1,146,N
131,-1,-2,162,N
131,2,0,133,N
131,2,1,117,N
131,2,2,101,N
131,2,-1,149,N
131,2,-2,165,N
131,-2,0,129,N
131,-2,1,113,N
131,-2,2,97,N
131,-2,-1,145,N
131,-2,-2,161,N
132,0,0,132,N
132,0,1,116,N
132,0,2,100,N
132,0,-1,148,N
132,0,-2,164,N
132,1,0,133,N
132,1,1,117,N
132,1,2,101,N
132,1,-1,149,N
132,1,-2,165,N
132,-1,0,131,N
132,-1,1,115,N
132,-1,2,99,N
132,-1,-1,147,N
132,-1,-2,163,N
132,2,0,134,N
132,2,1,118,N
132,2,2,102,N
132,2,-1,150,N
132,2,-2,166,N
132,-2,0,130,N
132,-2,1,114,N
132,-2,2,98,N
132,-2,-1,146,N
132,-2,-2,162,N
133,0,0,133,N
133,0,1,117,N
133,0,2,101,N
133,0,-1,149,N
133,0,-2,165,N
133,1,0,134,N
133,1,1,118,N
133,1,2,102,N
133,1,-1,150,N
133,1,-2,166,N
133,-1,0,132,N
133,-1,1,116,N
133,-1,2,100,N
133,-1,-1,148,N
133,-1,-2,164,N
133,2,0,135,N
133,2,1,119,N
133,2,2,103,N
133,2,-1,151,N
133,2,-2,167,N
133,-2,0,131,N
133,-2,1,115,N
133,-2,2,99,N
133,-2,-1,147,N
133,-2,-2,163,N
134,0,0,134,N
134,0,1,118,N
134,0,2,102,N
134,0,-1,150,N
134,0,-2,166,N
134,1,0,135,N
134,1,1,119,N
134,1,2,103,N
134,1,-1,151,N
134,1,-2,167,N
134,-1,0,133,N
134,-1,1,117,N
134,-1,2,101,N
134,-1,-1,149,N
134,-1,-2,165,N
134,2,0,136,N
134,2,1,120,N
134,2,2,104,N
134,2,-1,152,N
134,2,-2,168,N
134,-2,0,132,N
134,-2,1,116,N
134,-2,2,100,N
134,-2,-1,148,N
134,-2,-2,164,N
135,0,0,135,N
135,0,1,119,N
135,0,2,103,N
135,0,-1,151,N
135,0,-2,167,N
135,1,0,136,N
135,1,1,120,N
135,1,2,104,N
135,1,-1,152,N
135,1,-2,168,N
135,-1,0,134,N
135,-1,1,118,N
135,-1,2,102,N
135,-1,-1,150,N
135,-1,-2,166,N
135,2,0,137,N
135,2,1,121,N
135,2,2,105,N
135,2,-1,153,N
135,2,-2,169,N
135,-2,0,133,N
135,-2,1,117,N
135,-2,2,101,N
135,-2,-1,149,N
135,-2,-2,165,N
136,0,0,136,N
136,0,1,120,N
136,0,2,104,N
136,0,-1,152,N
136,0,-2,168,N
136,1,0,137,N
136,1,1,121,N
136,1,2,105,N
136,1,-1,153,N
136,1,-2,169,N
136,-1,0,135,N
136,-1,1,119,N
136,-1,2,103,N
136,-1,-1,151,N
136,-1,-2,167,N
136,2,0,138,N
136,2,1,122,N
136,2,2,106,N
136,2,-1,154,N
136,2,-2,170,N
136,-2,0,134,N
136,-2,1,118,N
136,-2,2,102,N
136,-2,-1,150,N
136,-2,-2,166,N
137,0,0,137,N
137,0,1,121,N
137,0,2,105,N
137,0,-1,153,N
137,0,-2,169,N
137,1,0,138,N
137,1,1,122,N
137,1,2,106,N
137,1,-1,154,N
137,1,-2,170,N
137,-1,0,136,N
137,-1,1,120,N
137,-1,2,104,N
137,-1,-1,152,N
137,-1,-2,168,N
137,2,0,139,N
137,2,1,123,N
137,2,2,107,N
137,2,-1,155,N
137,2,-2,171,N
137,-2,0,135,N
137,-2,1,119,N
137,-2,2,103,N
137,-2,-1,151,N
137,-2,-2,167,N
138,0,0,138,N
138,0,1,122,N
138,0,2,106,N
138,0,-1,154,N
138,0,-2,170,N
138,1,0,139,N
138,1,1,123,N
138,1,2,107,N
138,1,-1,155,N
138,1,-2,171,N
138,-1,0,137,N
138,-1,1,121,N
138,-1,2,105,N
138,-1,-1,153,N
138,-1,-2,169,N
138,2,0,140,N
138,2,1,124,N
138,2,2,108,N
138,2,-1,156,N
138,2,-2,172,N
138,-2,0,136,N
138,-2,1,120,N
138,-2,2,104,N
138,-2,-1,152,N
138,-2,-2,168,N
139,0,0,139,N
139,0,1,123,N
139,0,2,107,N
139,0,-1,155,N
139,0,-2,171,N
139,1,0,140,N
139,1,1,124,N
139,1,2,108,N
139,1,-1,156,N
139,1,-2,172,N
139,-1,0,138,N
139,-1,1,122,N
139,-1,2,106,N
139,-1,-1,154,N
139,-1,-2,170,N
139,2,0,141,N
139,2,1,125,N
139,2,2,109,N
139,2,-1,157,N
139,2,-2,173,N
139,-2,0,137,N
139,-2,1,121,N
139,-2,2,105,N
139,-2,-1,153,N
139,-2,-2,169,N
140,0,0,140,N
140,0,1,124,N
140,0,2,108,N
140,0,-1,156,N
140,0,-2,172,N
140,1,0,141,N
140,1,1,125,N
140,1,2,109,N
140,1,-1,157,N
140,1,-2,173,N
140,-1,0,139,N
140,-1,1,123,N
140,-1,2,107,N
140,-1,-1,155,N
140,-1,-2,171,N
140,2,0,142,N
140,2,1,126,N
140,2,2,110,N
140,2,-1,158,N
140,2,-2,174,N
140,-2,0,138,N
140,-2,1,122,N
140,-2,2,106,N
140,-2,-1,154,N
140,-2,-2,170,N
141,0,0,141,N
141,0,1,125,N
141,0,2,109,N
141,0,-1,157,N
141,0,-2,173,N
141,1,0,142,N
141,1,1,126,N
141,1,2,110,N
141,1,-1,158,N
141,1,-2,174,N
141,-1,0,140,N
141,-1,1,124,N
141,-1,2,108,N
141,-1,-1,156,N
141,-1,-2,172,N
141,2,0,143,N
141,2,1,127,N
141,2,2,111,N
141,2,-1,159,N
141,2,-2,175,N
141,-2,0,139,N
141,-2,1,123,N
141,-2,2,107,N
141,-2,-1,155,N
141,-2,-2,171,N
142,0,0,142,N
142,0,1,126,N
142,0,2,110,N
142,0,-1,158,N
142,0,-2,174,N
142,1,0,143,N
142,1,1,127,N
142,1,2,111,N
142,1,-1,159,N
142,1,-2,175,N
142,-1,0,141,N
142,-1,1,125,N
142,-1,2,109,N
142,-1,-1,157,N
142,-1,-2,173,N
142,2,0,144,N
142,2,1,128,N
142,2,2,112,N
142,2,-1,160,N
142,2,-2,176,N
142,-2,0,140,N
142,-2,1,124,N
142,-2,2,108,N
142,-2,-1,156,N
142,-2,-2,172,N
143,0,0,143,N
143,0,1,127,N
143,0,2,111,N
143,0,-1,159,N
143,0,-2,175,N
143,1,0,144,N
143,1,1,128,N
143,1,2,112,N
143,1,-1,160,N
143,1,-2,176,N
143,-1,0,142,N
143,-1,1,126,N
143,-1,2,110,N
143,-1,-1,158,N
143,-1,-2,174,N
143,2,0,0,N
143,2,1,0,N
143,2,2,0,N
143,2,-1,0,N
143,2,-2,0,N
143,-2,0,141,N
143,-2,1,125,N
143,-2,2,109,N
143,-2,-1,157,N
143,-2,-2,173,N
144,0,0,144,Y
144,0,1,128,Y
144,0,2,112,Y
144,0,-1,160,Y
144,0,-2,176,Y
144,1,0,0,Y
144,1,1,0,Y
144,1,2,0,Y
144,1,-1,0,Y
144,1,-2,0,Y
144,-1,0,143,Y
144,-1,1,127,Y
144,-1,2,111,Y
144,-1,-1,159,Y
144,-1,-2,175,Y
144,2,0,0,Y
144,2,1,0,Y
144,2,2,0,Y
144,2,-1,0,Y
144,2,-2,0,Y
144,-2,0,142,Y
144,-2,1,126,Y
144,-2,2,110,Y
144,-2,-1,158,Y
144,-2,-2,174,Y
145,0,0,145,Y
145,0,1,129,Y
145,0,2,113,Y
145,0,-1,161,Y
145,0,-2,177,Y
145,1,0,146,Y
145,1,1,130,Y
145,1,2,114,Y
145,1,-1,162,Y
145,1,-2,178,Y
145,-1,0,0,Y
145,-1,1,0,Y
145,-1,2,0,Y
145,-1,-1,0,Y
145,-1,-2,0,Y
145,2,0,147,Y
145,2,1,131,Y
145,2,2,115,Y
145,2,-1,163,Y
145,2,-2,179,Y
145,-2,0,0,Y
145,-2,1,0,Y
145,-2,2,0,Y
145,-2,-1,0,Y
145,-2,-2,0,Y
146,0,0,146,N
146,0,1,130,N
146,0,2,114,N
146,0,-1,162,N
146,0,-2,178,N
146,1,0,147,N
146,1,1,131,N
146,1,2,115,N
146,1,-1,163,N
146,1,-2,179,N
146,-1,0,145,N
146,-1,1,129,N
146,-1,2,113,N
146,-1,-1,161,N
146,-1,-2,177,N
146,2,0,148,N
146,2,1,132,N
146,2,2,116,N
146,2,-1,164,N
146,2,-2,180,N
146,-2,0,0,N
146,-2,1,0,N
146,-2,2,0,N
146,-2,-1,0,N
146,-2,-2,0,N
147,0,0,147,N
147,0,1,131,N
147,0,2,115,N
147,0,-1,163,N
147,0,-2,179,N
147,1,0,148,N
147,1,1,132,N
147,1,2,116,N
147,1,-1,164,N
147,1,-2,180,N
147,-1,0,146,N
147,-1,1,130,N
147,-1,2,114,N
147,-1,-1,162,N
147,-1,-2,178,N
147,2,0,149,N
147,2,1,133,N
147,2,2,117,N
147,2,-1,165,N
147,2,-2,181,N
147,-2,0,145,N
147,-2,1,129,N
147,-2,2,113,N
147,-2,-1,161,N
147,-2,-2,177,N
148,0,0,148,N
148,0,1,132,N
148,0,2,116,N
148,0,-1,164,N
148,0,-2,180,N
148,1,0,149,N
148,1,1,133,N
148,1,2,117,N
148,1,-1,165,N
148,1,-2,181,N
148,-1,0,147,N
148,-1,1,131,N
148,-1,2,115,N
148,-1,-1,163,N
148,-1,-2,179,N
148,2,0,150,N
148,2,1,134,N
148,2,2,118,N
148,2,-1,166,N
148,2,-2,182,N
148,-2,0,146,N
148,-2,1,130,N
148,-2,2,114,N
148,-2,-1,162,N
148,-2,-2,178,N
149,0,0,149,N
149,0,1,133,N
149,0,2,117,N
149,0,-1,165,N
149,0,-2,181,N
149,1,0,150,N
149,1,1,134,N
149,1,2,118,N
149,1,-1,166,N
149,1,-2,182,N
149,-1,0,148,N
149,-1,1,132,N
149,-1,2,116,N
149,-1,-1,164,N
149,-1,-2,180,N
149,2,0,151,N
149,2,1,135,N
149,2,2,119,N
149,2,-1,167,N
149,2,-2,183,N
149,-2,0,147,N
149,-2,1,131,N
149,-2,2,115,N
149,-2,-1,163,N
149,-2,-2,179,N
150,0,0,150,N
150,0,1,134,N
150,0,2,118,N
150,0,-1,166,N
150,0,-2,182,N
150,1,0,151,N
150,1,1,135,N
150,1,2,119,N
150,1,-1,167,N
150,1,-2,183,N
150,-1,0,149,N
150,-1,1,133,N
150,-1,2,117,N
150,-1,-1,165,N
150,-1,-2,181,N
150,2,0,152,N
150,2,1,136,N
150,2,2,120,N
150,2,-1,168,N
150,2,-2,184,N
150,-2,0,148,N
150,-2,1,132,N
150,-2,2,116,N
150,-2,-1,164,N
150,-2,-2,180,N
151,0,0,151,N
151,0,1,135,N
151,0,2,119,N
151,0,-1,167,N
151,0,-2,183,N
151,1,0,152,N
151,1,1,136,N
151,1,2,120,N
151,1,-1,168,N
151,1,-2,184,N
151,-1,0,150,N
151,-1,1,134,N
151,-1,2,118,N
151,-1,-1,166,N
151,-1,-2,182,N
151,2,0,153,N
151,2,1,137,N
151,2,2,121,N
151,2,-1,169,N
151,2,-2,185,N
151,-2,0,149,N
151,-2,1,133,N
151,-2,2,117,N
151,-2,-1,165,N
151,-2,-2,181,N
152,0,0,152,N
152,0,1,136,N
152,0,2,120,N
152,0,-1,168,N
152,0,-2,184,N
152,1,0,153,N
152,1,1,137,N
152,1,2,121,N
152,1,-1,169,N
152,1,-2,185,N
152,-1,0,151,N
152,-1,1,135,N
152,-1,2,119,N
152,-1,-1,167,N
152,-1,-2,183,N
152,2,0,154,N
152,2,1,138,N
152,2,2,122,N
152,2,-1,170,N
152,2,-2,186,N
152,-2,0,150,N
152,-2,1,134,N
152,-2,2,118,N
152,-2,-1,166,N
152,-2,-2,182,N
153,0,0,153,N
153,0,1,137,N
153,0,2,121,N
153,0,-1,169,N
153,0,-2,185,N
153,1,0,154,N
153,1,1,138,N
153,1,2,122,N
153,1,-1,170,N
153,1,-2,186,N
153,-1,0,152,N
153,-1,1,136,N
153,-1,2,120,N
153,-1,-1,168,N
153,-1,-2,184,N
153,2,0,155,N
153,2,1,139,N
153,2,2,123,N
153,2,-1,171,N
153,2,-2,187,N
153,-2,0,151,N
153,-2,1,135,N
153,-2,2,119,N
153,-2,-1,167,N
153,-2,-2,183,N
154,0,0,154,N
154,0,1,138,N
154,0,2,122,N
154,0,-1,170,N
154,0,-2,186,N
154,1,0,155,N
154,1,1,139,N
154,1,2,123,N
154,1,-1,171,N
154,1,-2,187,N
154,-1,0,153,N
154,-1,1,137,N
154,-1,2,121,N
154,-1,-1,169,N
154,-1,-2,185,N
154,2,0,156,N
154,2,1,140,N
154,2,2,124,N
154,2,-1,172,N
154,2,-2,188,N
154,-2,0,152,N
154,-2,1,136,N
154,-2,2,120,N
154,-2,-1,168,N
154,-2,-2,184,N
155,0,0,155,N
155,0,1,139,N
155,0,2,123,N
155,0,-1,171,N
155,0,-2,187,N
155,1,0,156,N
155,1,1,140,N
155,1,2,124,N
155,1,-1,172,N
155,1,-2,188,N
155,-1,0,154,N
155,-1,1,138,N
155,-1,2,122,N
155,-1,-1,170,N
155,-1,-2,186,N
155,2,0,157,N
155,2,1,141,N
155,2,2,125,N
155,2,-1,173,N
155,2,-2,189,N
155,-2,0,153,N
155,-2,1,137,N
155,-2,2,121,N
155,-2,-1,169,N
155,-2,-2,185,N
156,0,0,156,N
156,0,1,140,N
156,0,2,124,N
156,0,-1,172,N
156,0,-2,188,N
156,1,0,157,N
156,1,1,141,N
156,1,2,125,N
156,1,-1,173,N
156,1,-2,189,N
156,-1,0,155,N
156,-1,1,139,N
156,-1,2,123,N
156,-1,-1,171,N
156,-1,-2,187,N
156,2,0,158,N
156,2,1,142,N
156,2,2,126,N
156,2,-1,174,N
156,2,-2,190,N
156,-2,0,154,N
156,-2,1,138,N
156,-2,2,122,N
156,-2,-1,170,N
156,-2,-2,186,N
157,0,0,157,N
157,0,1,141,N
157,0,2,125,N
157,0,-1,173,N
157,0,-2,189,N
157,1,0,158,N
157,1,1,142,N
157,1,2,126,N
157,1,-1,174,N
157,1,-2,190,N
157,-1,0,156,N
157,-1,1,140,N
157,-1,2,124,N
157,-1,-1,172,N
157,-1,-2,188,N
157,2,0,159,N
157,2,1,143,N
157,2,2,127,N
157,2,-1,175,N
157,2,-2,191,N
157,-2,0,155,N
157,-2,1,139,N
157,-2,2,123,N
157,-2,-1,171,N
157,-2,-2,187,N
158,0,0,158,N
158,0,1,142,N
158,0,2,126,N
158,0,-1,174,N
158,0,-2,190,N
158,1,0,159,N
158,1,1,143,N
158,1,2,127,N
158,1,-1,175,N
158,1,-2,191,N
158,-1,0,157,N
158,-1,1,141,N
158,-1,2,125,N
158,-1,-1,173,N
158,-1,-2,189,N
158,2,0,160,N
158,2,1,144,N
158,2,2,128,N
158,2,-1,176,N
158,2,-2,192,N
158,-2,0,156,N
158,-2,1,140,N
158,-2,2,124,N
158,-2,-1,172,N
158,-2,-2,188,N
159,0,0,159,N
159,0,1,143,N
159,0,2,127,N
159,0,-1,175,N
159,0,-2,191,N
159,1,0,160,N
159,1,1,144,N
159,1,2,128,N
159,1,-1,176,N
159,1,-2,192,N
159,-1,0,158,N
159,-1,1,142,N
159,-1,2,126,N
159,-1,-1,174,N
159,-1,-2,190,N
159,2,0,0,N
159,2,1,0,N
159,2,2,0,N
159,2,-1,0,N
159,2,-2,0,N
159,-2,0,157,N
159,-2,1,141,N
159,-2,2,125,N
159,-2,-1,173,N
159,-2,-2,189,N
160,0,0,160,Y
160,0,1,144,Y
160,0,2,128,Y
160,0,-1,176,Y
160,0,-2,192,Y
160,1,0,0,Y
160,1,1,0,Y
160,1,2,0,Y
160,1,-1,0,Y
160,1,-2,0,Y
160,-1,0,159,Y
160,-1,1,143,Y
160,-1,2,127,Y
160,-1,-1,175,Y
160,-1,-2,191,Y
160,2,0,0,Y
160,2,1,0,Y
160,2,2,0,Y
160,2,-1,0,Y
160,2,-2,0,Y
160,-2,0,158,Y
160,-2,1,142,Y
160,-2,2,126,Y
160,-2,-1,174,Y
160,-2,-2,190,Y
161,0,0,161,Y
161,0,1,145,Y
161,0,2,129,Y
161,0,-1,177,Y
161,0,-2,193,Y
161,1,0,162,Y
161,1,1,146,Y
161,1,2,130,Y
161,1,-1,178,Y
161,1,-2,194,Y
161,-1,0,0,Y
161,-1,1,0,Y
161,-1,2,0,Y
161,-1,-1,0,Y
161,-1,-2,0,Y
161,2,0,163,Y
161,2,1,147,Y
161,2,2,131,Y
161,2,-1,179,Y
161,2,-2,195,Y
161,-2,0,0,Y
161,-2,1,0,Y
161,-2,2,0,Y
161,-2,-1,0,Y
161,-2,-2,0,Y
162,0,0,162,N
162,0,1,146,N
162,0,2,130,N
162,0,-1,178,N
162,0,-2,194,N
162,1,0,163,N
162,1,1,147,N
162,1,2,131,N
162,1,-1,179,N
162,1,-2,195,N
162,-1,0,161,N
162,-1,1,145,N
162,-1,2,129,N
162,-1,-1,177,N
162,-1,-2,193,N
162,2,0,164,N
162,2,1,148,N
162,2,2,132,N
162,2,-1,180,N
162,2,-2,196,N
162,-2,0,0,N
162,-2,1,0,N
162,-2,2,0,N
162,-2,-1,0,N
162,-2,-2,0,N
163,0,0,163,N
163,0,1,147,N
163,0,2,131,N
163,0,-1,179,N
163,0,-2,195,N
163,1,0,164,N
163,1,1,148,N
163,1,2,132,N
163,1,-1,180,N
163,1,-2,196,N
163,-1,0,162,N
163,-1,1,146,N
163,-1,2,130,N
163,-1,-1,178,N
163,-1,-2,194,N
163,2,0,165,N
163,2,1,149,N
163,2,2,133,N
163,2,-1,181,N
163,2,-2,197,N
163,-2,0,161,N
163,-2,1,145,N
163,-2,2,129,N
163,-2,-1,177,N
163,-2,-2,193,N
164,0,0,164,N
164,0,1,148,N
164,0,2,132,N
164,0,-1,180,N
164,0,-2,196,N
164,1,0,165,N
164,1,1,149,N
164,1,2,133,N
164,1,-1,181,N
164,1,-2,197,N
164,-1,0,163,N
164,-1,1,147,N
164,-1,2,131,N
164,-1,-1,179,N
164,-1,-2,195,N
164,2,0,166,N
164,2,1,150,N
164,2,2,134,N
164,2,-1,182,N
164,2,-2,198,N
164,-2,0,162,N
164,-2,1,146,N
164,-2,2,130,N
164,-2,-1,178,N
164,-2,-2,194,N
165,0,0,165,N
165,0,1,149,N
165,0,2,133,N
165,0,-1,181,N
165,0,-2,197,N
165,1,0,166,N
165,1,1,150,N
165,1,2,134,N
165,1,-1,182,N
165,1,-2,198,N
165,-1,0,164,N
165,-1,1,148,N
165,-1,2,132,N
165,-1,-1,180,N
165,-1,-2,196,N
165,2,0,167,N
165,2,1,151,N
165,2,2,135,N
165,2,-1,183,N
165,2,-2,199,N
165,-2,0,163,N
165,-2,1,147,N
165,-2,2,131,N
165,-2,-1,179,N
165,-2,-2,195,N
166,0,0,166,N
166,0,1,150,N
166,0,2,134,N
166,0,-1,182,N
166,0,-2,198,N
166,1,0,167,N
166,1,1,151,N
166,1,2,135,N
166,1,-1,183,N
166,1,-2,199,N
166,-1,0,165,N
166,-1,1,149,N
166,-1,2,133,N
166,-1,-1,181,N
166,-1,-2,197,N
166,2,0,168,N
166,2,1,152,N
166,2,2,136,N
166,2,-1,184,N
166,2,-2,200,N
166,-2,0,164,N
166,-2,1,148,N
166,-2,2,132,N
166,-2,-1,180,N
166,-2,-2,196,N
167,0,0,167,N
167,0,1,151,N
167,0,2,135,N
167,0,-1,183,N
167,0,-2,199,N
167,1,0,168,N
167,1,1,152,N
167,1,2,136,N
167,1,-1,184,N
167,1,-2,200,N
167,-1,0,166,N
167,-1,1,150,N
167,-1,2,134,N
167,-1,-1,182,N
167,-1,-2,198,N
167,2,0,169,N
167,2,1,153,N
167,2,2,137,N
167,2,-1,185,N
167,2,-2,201,N
167,-2,0,165,N
167,-2,1,149,N
167,-2,2,133,N
167,-2,-1,181,N
167,-2,-2,197,N
168,0,0,168,N
168,0,1,152,N
168,0,2,136,N
168,0,-1,184,N
168,0,-2,200,N
168,1,0,169,N
168,1,1,153,N
168,1,2,137,N
168,1,-1,185,N
168,1,-2,201,N
168,-1,0,167,N
168,-1,1,151,N
168,-1,2,135,N
168,-1,-1,183,N
168,-1,-2,199,N
168,2,0,170,N
168,2,1,154,N
168,2,2,138,N
168,2,-1,186,N
168,2,-2,202,N
168,-2,0,166,N
168,-2,1,150,N
168,-2,2,134,N
168,-2,-1,182,N
168,-2,-2,198,N
169,0,0,169,N
169,0,1,153,N
169,0,2,137,N
169,0,-1,185,N
169,0,-2,201,N
169,1,0,170,N
169,1,1,154,N
169,1,2,138,N
169,1,-1,186,N
169,1,-2,202,N
169,-1,0,168,N
169,-1,1,152,N
169,-1,2,136,N
169,-1,-1,184,N
169,-1,-2,200,N
169,2,0,171,N
169,2,1,155,N
169,2,2,139,N
169,2,-1,187,N
169,2,-2,203,N
169,-2,0,167,N
169,-2,1,151,N
169,-2,2,135,N
169,-2,-1,183,N
169,-2,-2,199,N
170,0,0,170,N
170,0,1,154,N
170,0,2,138,N
170,0,-1,186,N
170,0,-2,202,N
170,1,0,171,N
170,1,1,155,N
170,1,2,139,N
170,1,-1,187,N
170,1,-2,203,N
170,-1,0,169,N
170,-1,1,153,N
170,-1,2,137,N
170,-1,-1,185,N
170,-1,-2,201,N
170,2,0,172,N
170,2,1,156,N
170,2,2,140,N
170,2,-1,188,N
170,2,-2,204,N
170,-2,0,168,N
170,-2,1,152,N
170,-2,2,136,N
170,-2,-1,184,N
170,-2,-2,200,N
171,0,0,171,N
171,0,1,155,N
171,0,2,139,N
171,0,-1,187,N
171,0,-2,203,N
171,1,0,172,N
171,1,1,156,N
171,1,2,140,N
171,1,-1,188,N
171,1,-2,204,N
171,-1,0,170,N
171,-1,1,154,N
171,-1,2,138,N
171,-1,-1,186,N
171,-1,-2,202,N
171,2,0,173,N
171,2,1,157,N
171,2,2,141,N
171,2,-1,189,N
171,2,-2,205,N
171,-2,0,169,N
171,-2,1,153,N
171,-2,2,137,N
171,-2,-1,185,N
171,-2,-2,201,N
172,0,0,172,N
172,0,1,156,N
172,0,2,140,N
172,0,-1,188,N
172,0,-2,204,N
172,1,0,173,N
172,1,1,157,N
172,1,2,141,N
172,1,-1,189,N
172,1,-2,205,N
172,-1,0,171,N
172,-1,1,155,N
172,-1,2,139,N
172,-1,-1,187,N
172,-1,-2,203,N
172,2,0,174,N
172,2,1,158,N
172,2,2,142,N
172,2,-1,190,N
172,2,-2,206,N
172,-2,0,170,N
172,-2,1,154,N
172,-2,2,138,N
172,-2,-1,186,N
172,-2,-2,202,N
173,0,0,173,N
173,0,1,157,N
173,0,2,141,N
173,0,-1,189,N
173,0,-2,205,N
173,1,0,174,N
173,1,1,158,N
173,1,2,142,N
173,1,-1,190,N
173,1,-2,206,N
173,-1,0,172,N
173,-1,1,156,N
173,-1,2,140,N
173,-1,-1,188,N
173,-1,-2,204,N
173,2,0,175,N
173,2,1,159,N
173,2,2,143,N
173,2,-1,191,N
173,2,-2,207,N
173,-2,0,171,N
173,-2,1,155,N
173,-2,2,139,N
173,-2,-1,187,N
173,-2,-2,203,N
174,0,0,174,N
174,0,1,158,N
174,0,2,142,N
174,0,-1,190,N
174,0,-2,206,N
174,1,0,175,N
174,1,1,159,N
174,1,2,143,N
174,1,-1,191,N
174,1,-2,207,N
174,-1,0,173,N
174,-1,1,157,N
174,-1,2,141,N
174,-1,-1,189,N
174,-1,-2,205,N
174,2,0,176,N
174,2,1,160,N
174,2,2,144,N
174,2,-1,192,N
174,2,-2,208,N
174,-2,0,172,N
174,-2,1,156,N
174,-2,2,140,N
174,-2,-1,188,N
174,-2,-2,204,N
175,0,0,175,N
175,0,1,159,N
175,0,2,143,N
175,0,-1,191,N
175,0,-2,207,N
175,1,0,176,N
175,1,1,160,N
175,1,2,144,N
175,1,-1,192,N
175,1,-2,208,N
175,-1,0,174,N
175,-1,1,158,N
175,-1,2,142,N
175,-1,-1,190,N
175,-1,-2,206,N
175,2,0,0,N
175,2,1,0,N
175,2,2,0,N
175,2,-1,0,N
175,2,-2,0,N
175,-2,0,173,N
175,-2,1,157,N
175,-2,2,141,N
175,-2,-1,189,N
175,-2,-2,205,N
176,0,0,176,Y
176,0,1,160,Y
176,0,2,144,Y
176,0,-1,192,Y
176,0,-2,208,Y
176,1,0,0,Y
176,1,1,0,Y
176,1,2,0,Y
176,1,-1,0,Y
176,1,-2,0,Y
176,-1,0,175,Y
176,-1,1,159,Y
176,-1,2,143,Y
176,-1,-1,191,Y
176,-1,-2,207,Y
176,2,0,0,Y
176,2,1,0,Y
176,2,2,0,Y
176,2,-1,0,Y
176,2,-2,0,Y
176,-2,0,174,Y
176,-2,1,158,Y
176,-2,2,142,Y
176,-2,-1,190,Y
176,-2,-2,206,Y
177,0,0,177,Y
177,0,1,161,Y
177,0,2,145,Y
177,0,-1,193,Y
177,0,-2,209,Y
177,1,0,178,Y
177,1,1,162,Y
177,1,2,146,Y
177,1,-1,194,Y
177,1,-2,210,Y
177,-1,0,0,Y
177,-1,1,0,Y
177,-1,2,0,Y
177,-1,-1,0,Y
177,-1,-2,0,Y
177,2,0,179,Y
177,2,1,163,Y
177,2,2,147,Y
177,2,-1,195,Y
177,2,-2,211,Y
177,-2,0,0,Y
177,-2,1,0,Y
177,-2,2,0,Y
177,-2,-1,0,Y
177,-2,-2,0,Y
178,0,0,178,N
178,0,1,162,N
178,0,2,146,N
178,0,-1,194,N
178,0,-2,210,N
178,1,0,179,N
178,1,1,163,N
178,1,2,147,N
178,1,-1,195,N
178,1,-2,211,N
178,-1,0,177,N
178,-1,1,161,N
178,-1,2,145,N
178,-1,-1,193,N
178,-1,-2,209,N
178,2,0,180,N
178,2,1,164,N
178,2,2,148,N
178,2,-1,196,N
178,2,-2,212,N
178,-2,0,0,N
178,-2,1,0,N
178,-2,2,0,N
178,-2,-1,0,N
178,-2,-2,0,N
179,0,0,179,N
179,0,1,163,N
179,0,2,147,N
179,0,-1,195,N
179,0,-2,211,N
179,1,0,180,N
179,1,1,164,N
179,1,2,148,N
179,1,-1,196,N
179,1,-2,212,N
179,-1,0,178,N
179,-1,1,162,N
179,-1,2,146,N
179,-1,-1,194,N
179,-1,-2,210,N
179,2,0,181,N
179,2,1,165,N
179,2,2,149,N
179,2,-1,197,N
179,2,-2,213,N
179,-2,0,177,N
179,-2,1,161,N
179,-2,2,145,N
179,-2,-1,193,N
179,-2,-2,209,N
180,0,0,180,N
180,0,1,164,N
180,0,2,148,N
180,0,-1,196,N
180,0,-2,212,N
180,1,0,181,N
180,1,1,165,N
180,1,2,149,N
180,1,-1,197,N
180,1,-2,213,N
180,-1,0,179,N
180,-1,1,163,N
180,-1,2,147,N
180,-1,-1,195,N
180,-1,-2,211,N
180,2,0,182,N
180,2,1,166,N
180,2,2,150,N
180,2,-1,198,N
180,2,-2,214,N
180,-2,0,178,N
180,-2,1,162,N
180,-2,2,146,N
180,-2,-1,194,N
180,-2,-2,210,N
181,0,0,181,N
181,0,1,165,N
181,0,2,149,N
181,0,-1,197,N
181,0,-2,213,N
181,1,0,182,N
181,1,1,166,N
181,1,2,150,N
181,1,-1,198,N
181,1,-2,214,N
181,-1,0,180,N
181,-1,1,164,N
181,-1,2,148,N
181,-1,-1,196,N
181,-1,-2,212,N
181,2,0,183,N
181,2,1,167,N
181,2,2,151,N
181,2,-1,199,N
181,2,-2,215,N
181,-2,0,179,N
181,-2,1,163,N
181,-2,2,147,N
181,-2,-1,195,N
181,-2,-2,211,N
182,0,0,182,N
182,0,1,166,N
182,0,2,150,N
182,0,-1,198,N
182,0,-2,214,N
182,1,0,183,N
182,1,1,167,N
182,1,2,151,N
182,1,-1,199,N
182,1,-2,215,N
182,-1,0,181,N
182,-1,1,165,N
182,-1,2,149,N
182,-1,-1,197,N
182,-1,-2,213,N
182,2,0,184,N
182,2,1,168,N
182,2,2,152,N
182,2,-1,200,N
182,2,-2,216,N
182,-2,0,180,N
182,-2,1,164,N
182,-2,2,148,N
182,-2,-1,196,N
182,-2,-2,212,N
183,0,0,183,N
183,0,1,167,N
183,0,2,151,N
183,0,-1,199,N
183,0,-2,215,N
183,1,0,184,N
183,1,1,168,N
183,1,2,152,N
183,1,-1,200,N
183,1,-2,216,N
183,-1,0,182,N
183,-1,1,166,N
183,-1,2,150,N
183,-1,-1,198,N
183,-1,-2,214,N
183,2,0,185,N
183,2,1,169,N
183,2,2,153,N
183,2,-1,201,N
183,2,-2,217,N
183,-2,0,181,N
183,-2,1,165,N
183,-2,2,149,N
183,-2,-1,197,N
183,-2,-2,213,N
184,0,0,184,N
184,0,1,168,N
184,0,2,152,N
184,0,-1,200,N
184,0,-2,216,N
184,1,0,185,N
184,1,1,169,N
184,1,2,153,N
184,1,-1,201,N
184,1,-2,217,N
184,-1,0,183,N
184,-1,1,167,N
184,-1,2,151,N
184,-1,-1,199,N
184,-1,-2,215,N
184,2,0,186,N
184,2,1,170,N
184,2,2,154,N
184,2,-1,202,N
184,2,-2,218,N
184,-2,0,182,N
184,-2,1,166,N
184,-2,2,150,N
184,-2,-1,198,N
184,-2,-2,214,N
185,0,0,185,N
185,0,1,169,N
185,0,2,153,N
185,0,-1,201,N
185,0,-2,217,N
185,1,0,186,N
185,1,1,170,N
185,1,2,154,N
185,1,-1,202,N
185,1,-2,218,N
185,-1,0,184,N
185,-1,1,168,N
185,-1,2,152,N
185,-1,-1,200,N
185,-1,-2,216,N
185,2,0,187,N
185,2,1,171,N
185,2,2,155,N
185,2,-1,203,N
185,2,-2,219,N
185,-2,0,183,N
185,-2,1,167,N
185,-2,2,151,N
185,-2,-1,199,N
185,-2,-2,215,N
186,0,0,186,N
186,0,1,170,N
186,0,2,154,N
186,0,-1,202,N
186,0,-2,218,N
186,1,0,187,N
186,1,1,171,N
186,1,2,155,N
186,1,-1,203,N
186,1,-2,219,N
186,-1,0,185,N
186,-1,1,169,N
186,-1,2,153,N
186,-1,-1,201,N
186,-1,-2,217,N
186,2,0,188,N
186,2,1,172,N
186,2,2,156,N
186,2,-1,204,N
186,2,-2,220,N
186,-2,0,184,N
186,-2,1,168,N
186,-2,2,152,N
186,-2,-1,200,N
186,-2,-2,216,N
187,0,0,187,N
187,0,1,171,N
187,0,2,155,N
187,0,-1,203,N
187,0,-2,219,N
187,1,0,188,N
187,1,1,172,N
187,1,2,156,N
187,1,-1,204,N
187,1,-2,220,N
187,-1,0,186,N
187,-1,1,170,N
187,-1,2,154,N
187,-1,-1,202,N
187,-1,-2,218,N
187,2,0,189,N
187,2,1,173,N
187,2,2,157,N
187,2,-1,205,N
187,2,-2,221,N
187,-2,0,185,N
187,-2,1,169,N
187,-2,2,153,N
187,-2,-1,201,N
187,-2,-2,217,N
188,0,0,188,N
188,0,1,172,N
188,0,2,156,N
188,0,-1,204,N
188,0,-2,220,N
188,1,0,189,N
188,1,1,173,N
188,1,2,157,N
188,1,-1,205,N
188,1,-2,221,N
188,-1,0,187,N
188,-1,1,171,N
188,-1,2,155,N
188,-1,-1,203,N
188,-1,-2,219,N
188,2,0,190,N
188,2,1,174,N
188,2,2,158,N
188,2,-1,206,N
188,2,-2,222,N
188,-2,0,186,N
188,-2,1,170,N
188,-2,2,154,N
188,-2,-1,202,N
188,-2,-2,218,N
189,0,0,189,N
189,0,1,173,N
189,0,2,157,N
189,0,-1,205,N
189,0,-2,221,N
189,1,0,190,N
189,1,1,174,N
189,1,2,158,N
189,1,-1,206,N
189,1,-2,222,N
189,-1,0,188,N
189,-1,1,172,N
189,-1,2,156,N
189,-1,-1,204,N
189,-1,-2,220,N
189,2,0,191,N
189,2,1,175,N
189,2,2,159,N
189,2,-1,207,N
189,2,-2,223,N
189,-2,0,187,N
189,-2,1,171,N
189,-2,2,155,N
189,-2,-1,203,N
189,-2,-2,219,N
190,0,0,190,N
190,0,1,174,N
190,0,2,158,N
190,0,-1,206,N
190,0,-2,222,N
190,1,0,191,N
190,1,1,175,N
190,1,2,159,N
190,1,-1,207,N
190,1,-2,223,N
190,-1,0,189,N
190,-1,1,173,N
190,-1,2,157,N
190,-1,-1,205,N
190,-1,-2,221,N
190,2,0,192,N
190,2,1,176,N
190,2,2,160,N
190,2,-1,208,N
190,2,-2,224,N
190,-2,0,188,N
190,-2,1,172,N
190,-2,2,156,N
190,-2,-1,204,N
190,-2,-2,220,N
191,0,0,191,N
191,0,1,175,N
191,0,2,159,N
191,0,-1,207,N
191,0,-2,223,N
191,1,0,192,N
191,1,1,176,N
191,1,2,160,N
191,1,-1,208,N
191,1,-2,224,N
191,-1,0,190,N
191,-1,1,174,N
191,-1,2,158,N
191,-1,-1,206,N
191,-1,-2,222,N
191,2,0,0,N
191,2,1,0,N
191,2,2,0,N
191,2,-1,0,N
191,2,-2,0,N
191,-2,0,189,N
191,-2,1,173,N
191,-2,2,157,N
191,-2,-1,205,N
191,-2,-2,221,N
192,0,0,192,Y
192,0,1,176,Y
192,0,2,160,Y
192,0,-1,208,Y
192,0,-2,224,Y
192,1,0,0,Y
192,1,1,0,Y
192,1,2,0,Y
192,1,-1,0,Y
192,1,-2,0,Y
192,-1,0,191,Y
192,-1,1,175,Y
192,-1,2,159,Y
192,-1,-1,207,Y
192,-1,-2,223,Y
192,2,0,0,Y
192,2,1,0,Y
192,2,2,0,Y
192,2,-1,0,Y
192,2,-2,0,Y
192,-2,0,190,Y
192,-2,1,174,Y
192,-2,2,158,Y
192,-2,-1,206,Y
192,-2,-2,222,Y
193,0,0,193,Y
193,0,1,177,Y
193,0,2,161,Y
193,0,-1,209,Y
193,0,-2,225,Y
193,1,0,194,Y
193,1,1,178,Y
193,1,2,162,Y
193,1,-1,210,Y
193,1,-2,226,Y
193,-1,0,0,Y
193,-1,1,0,Y
193,-1,2,0,Y
193,-1,-1,0,Y
193,-1,-2,0,Y
193,2,0,195,Y
193,2,1,179,Y
193,2,2,163,Y
193,2,-1,211,Y
193,2,-2,227,Y
193,-2,0,0,Y
193,-2,1,0,Y
193,-2,2,0,Y
193,-2,-1,0,Y
193,-2,-2,0,Y
194,0,0,194,N
194,0,1,178,N
194,0,2,162,N
194,0,-1,210,N
194,0,-2,226,N
194,1,0,195,N
194,1,1,179,N
194,1,2,163,N
194,1,-1,211,N
194,1,-2,227,N
194,-1,0,193,N
194,-1,1,177,N
194,-1,2,161,N
194,-1,-1,209,N
194,-1,-2,225,N
194,2,0,196,N
194,2,1,180,N
194,2,2,164,N
194,2,-1,212,N
194,2,-2,228,N
194,-2,0,0,N
194,-2,1,0,N
194,-2,2,0,N
194,-2,-1,0,N
194,-2,-2,0,N
195,0,0,195,N
195,0,1,179,N
195,0,2,163,N
195,0,-1,211,N
195,0,-2,227,N
195,1,0,196,N
195,1,1,180,N
195,1,2,164,N
195,1,-1,212,N
195,1,-2,228,N
195,-1,0,194,N
195,-1,1,178,N
195,-1,2,162,N
195,-1,-1,210,N
195,-1,-2,226,N
195,2,0,197,N
195,2,1,181,N
195,2,2,165,N
195,2,-1,213,N
195,2,-2,229,N
195,-2,0,193,N
195,-2,1,177,N
195,-2,2,161,N
195,-2,-1,209,N
195,-2,-2,225,N
196,0,0,196,N
196,0,1,180,N
196,0,2,164,N
196,0,-1,212,N
196,0,-2,228,N
196,1,0,197,N
196,1,1,181,N
196,1,2,165,N
196,1,-1,213,N
196,1,-2,229,N
196,-1,0,195,N
196,-1,1,179,N
196,-1,2,163,N
196,-1,-1,211,N
196,-1,-2,227,N
196,2,0,198,N
196,2,1,182,N
196,2,2,166,N
196,2,-1,214,N
196,2,-2,230,N
196,-2,0,194,N
196,-2,1,178,N
196,-2,2,162,N
196,-2,-1,210,N
196,-2,-2,226,N
197,0,0,197,N
197,0,1,181,N
197,0,2,165,N
197,0,-1,213,N
197,0,-2,229,N
197,1,0,198,N
197,1,1,182,N
197,1,2,166,N
197,1,-1,214,N
197,1,-2,230,N
197,-1,0,196,N
197,-1,1,180,N
197,-1,2,164,N
197,-1,-1,212,N
197,-1,-2,228,N
197,2,0,199,N
197,2,1,183,N
197,2,2,167,N
197,2,-1,215,N
197,2,-2,231,N
197,-2,0,195,N
197,-2,1,179,N
197,-2,2,163,N
197,-2,-1,211,N
197,-2,-2,227,N
198,0,0,198,N
198,0,1,182,N
198,0,2,166,N
198,0,-1,214,N
198,0,-2,230,N
198,1,0,199,N
198,1,1,183,N
198,1,2,167,N
198,1,-1,215,N
198,1,-2,231,N
198,-1,0,197,N
198,-1,1,181,N
198,-1,2,165,N
198,-1,-1,213,N
198,-1,-2,229,N
198,2,0,200,N
198,2,1,184,N
198,2,2,168,N
198,2,-1,216,N
198,2,-2,232,N
198,-2,0,196,N
198,-2,1,180,N
198,-2,2,164,N
198,-2,-1,212,N
198,-2,-2,228,N
199,0,0,199,N
199,0,1,183,N
199,0,2,167,N
199,0,-1,215,N
199,0,-2,231,N
199,1,0,200,N
199,1,1,184,N
199,1,2,168,N
199,1,-1,216,N
199,1,-2,232,N
199,-1,0,198,N
199,-1,1,182,N
199,-1,2,166,N
199,-1,-1,214,N
199,-1,-2,230,N
199,2,0,201,N
199,2,1,185,N
199,2,2,169,N
199,2,-1,217,N
199,2,-2,233,N
199,-2,0,197,N
199,-2,1,181,N
199,-2,2,165,N
199,-2,-1,213,N
199,-2,-2,229,N
200,0,0,200,N
200,0,1,184,N
200,0,2,168,N
200,0,-1,216,N
200,0,-2,232,N
200,1,0,201,N
200,1,1,185,N
200,1,2,169,N
200,1,-1,217,N
200,1,-2,233,N
200,-1,0,199,N
200,-1,1,183,N
200,-1,2,167,N
200,-1,-1,215,N
200,-1,-2,231,N
200,2,0,202,N
200,2,1,186,N
200,2,2,170,N
200,2,-1,218,N
200,2,-2,234,N
200,-2,0,198,N
200,-2,1,182,N
200,-2,2,166,N
200,-2,-1,214,N
200,-2,-2,230,N
201,0,0,201,N
201,0,1,185,N
201,0,2,169,N
201,0,-1,217,N
201,0,-2,233,N
201,1,0,202,N
201,1,1,186,N
201,1,2,170,N
201,1,-1,218,N
201,1,-2,234,N
201,-1,0,200,N
201,-1,1,184,N
201,-1,2,168,N
201,-1,-1,216,N
201,-1,-2,232,N
201,2,0,203,N
201,2,1,187,N
201,2,2,171,N
201,2,-1,219,N
201,2,-2,235,N
201,-2,0,199,N
201,-2,1,183,N
201,-2,2,167,N
201,-2,-1,215,N
201,-2,-2,231,N
202,0,0,202,N
202,0,1,186,N
202,0,2,170,N
202,0,-1,218,N
202,0,-2,234,N
202,1,0,203,N
202,1,1,187,N
202,1,2,171,N
202,1,-1,219,N
202,1,-2,235,N
202,-1,0,201,N
202,-1,1,185,N
202,-1,2,169,N
202,-1,-1,217,N
202,-1,-2,233,N
202,2,0,204,N
202,2,1,188,N
202,2,2,172,N
202,2,-1,220,N
202,2,-2,236,N
202,-2,0,200,N
202,-2,1,184,N
202,-2,2,168,N
202,-2,-1,216,N
202,-2,-2,232,N
203,0,0,203,N
203,0,1,187,N
203,0,2,171,N
203,0,-1,219,N
203,0,-2,235,N
203,1,0,204,N
203,1,1,188,N
203,1,2,172,N
203,1,-1,220,N
203,1,-2,236,N
203,-1,0,202,N
203,-1,1,186,N
203,-1,2,170,N
203,-1,-1,218,N
203,-1,-2,234,N
203,2,0,205,N
203,2,1,189,N
203,2,2,173,N
203,2,-1,221,N
203,2,-2,237,N
203,-2,0,201,N
203,-2,1,185,N
203,-2,2,169,N
203,-2,-1,217,N
203,-2,-2,233,N
204,0,0,204,N
204,0,1,188,N
204,0,2,172,N
204,0,-1,220,N
204,0,-2,236,N
204,1,0,205,N
204,1,1,189,N
204,1,2,173,N
204,1,-1,221,N
204,1,-2,237,N
204,-1,0,203,N
204,-1,1,187,N
204,-1,2,171,N
204,-1,-1,219,N
204,-1,-2,235,N
204,2,0,206,N
204,2,1,190,N
204,2,2,174,N
204,2,-1,222,N
204,2,-2,238,N
204,-2,0,202,N
204,-2,1,186,N
204,-2,2,170,N
204,-2,-1,218,N
204,-2,-2,234,N
205,0,0,205,N
205,0,1,189,N
205,0,2,173,N
205,0,-1,221,N
205,0,-2,237,N
205,1,0,206,N
205,1,1,190,N
205,1,2,174,N
205,1,-1,222,N
205,1,-2,238,N
205,-1,0,204,N
205,-1,1,188,N
205,-1,2,172,N
205,-1,-1,220,N
205,-1,-2,236,N
205,2,0,207,N
205,2,1,191,N
205,2,2,175,N
205,2,-1,223,N
205,2,-2,239,N
205,-2,0,203,N
205,-2,1,187,N
205,-2,2,171,N
205,-2,-1,219,N
205,-2,-2,235,N
206,0,0,206,N
206,0,1,190,N
206,0,2,174,N
206,0,-1,222,N
206,0,-2,238,N
206,1,0,207,N
206,1,1,191,N
206,1,2,175,N
206,1,-1,223,N
206,1,-2,239,N
206,-1,0,205,N
206,-1,1,189,N
206,-1,2,173,N
206,-1,-1,221,N
206,-1,-2,237,N
206,2,0,208,N
206,2,1,192,N
206,2,2,176,N
206,2,-1,224,N
206,2,-2,240,N
206,-2,0,204,N
206,-2,1,188,N
206,-2,2,172,N
206,-2,-1,220,N
206,-2,-2,236,N
207,0,0,207,N
207,0,1,191,N
207,0,2,175,N
207,0,-1,223,N
207,0,-2,239,N
207,1,0,208,N
207,1,1,192,N
207,1,2,176,N
207,1,-1,224,N
207,1,-2,240,N
207,-1,0,206,N
207,-1,1,190,N
207,-1,2,174,N
207,-1,-1,222,N
207,-1,-2,238,N
207,2,0,0,N
207,2,1,0,N
207,2,2,0,N
207,2,-1,0,N
207,2,-2,0,N
207,-2,0,205,N
207,-2,1,189,N
207,-2,2,173,N
207,-2,-1,221,N
207,-2,-2,237,N
208,0,0,208,Y
208,0,1,192,Y
208,0,2,176,Y
208,0,-1,224,Y
208,0,-2,240,Y
208,1,0,0,Y
208,1,1,0,Y
208,1,2,0,Y
208,1,-1,0,Y
208,1,-2,0,Y
208,-1,0,207,Y
208,-1,1,191,Y
208,-1,2,175,Y
208,-1,-1,223,Y
208,-1,-2,239,Y
208,2,0,0,Y
208,2,1,0,Y
208,2,2,0,Y
208,2,-1,0,Y
208,2,-2,0,Y
208,-2,0,206,Y
208,-2,1,190,Y
208,-2,2,174,Y
208,-2,-1,222,Y
208,-2,-2,238,Y
209,0,0,209,Y
209,0,1,193,Y
209,0,2,177,Y
209,0,-1,225,Y
209,0,-2,241,Y
209,1,0,210,Y
209,1,1,194,Y
209,1,2,178,Y
209,1,-1,226,Y
209,1,-2,242,Y
209,-1,0,0,Y
209,-1,1,0,Y
209,-1,2,0,Y
209,-1,-1,0,Y
209,-1,-2,0,Y
209,2,0,211,Y
209,2,1,195,Y
209,2,2,179,Y
209,2,-1,227,Y
209,2,-2,243,Y
209,-2,0,0,Y
209,-2,1,0,Y
209,-2,2,0,Y
209,-2,-1,0,Y
209,-2,-2,0,Y
210,0,0,210,N
210,0,1,194,N
210,0,2,178,N
210,0,-1,226,N
210,0,-2,242,N
210,1,0,211,N
210,1,1,195,N
210,1,2,179,N
210,1,-1,227,N
210,1,-2,243,N
210,-1,0,209,N
210,-1,1,193,N
210,-1,2,177,N
210,-1,-1,225,N
210,-1,-2,241,N
210,2,0,212,N
210,2,1,196,N
210,2,2,180,N
210,2,-1,228,N
210,2,-2,244,N
210,-2,0,0,N
210,-2,1,0,N
210,-2,2,0,N
210,-2,-1,0,N
210,-2,-2,0,N
211,0,0,211,N
211,0,1,195,N
211,0,2,179,N
211,0,-1,227,N
211,0,-2,243,N
211,1,0,212,N
211,1,1,196,N
211,1,2,180,N
211,1,-1,228,N
211,1,-2,244,N
211,-1,0,210,N
211,-1,1,194,N
211,-1,2,178,N
211,-1,-1,226,N
211,-1,-2,242,N
211,2,0,213,N
211,2,1,197,N
211,2,2,181,N
211,2,-1,229,N
211,2,-2,245,N
211,-2,0,209,N
211,-2,1,193,N
211,-2,2,177,N
211,-2,-1,225,N
211,-2,-2,241,N
212,0,0,212,N
212,0,1,196,N
212,0,2,180,N
212,0,-1,228,N
212,0,-2,244,N
212,1,0,213,N
212,1,1,197,N
212,1,2,181,N
212,1,-1,229,N
212,1,-2,245,N
212,-1,0,211,N
212,-1,1,195,N
212,-1,2,179,N
212,-1,-1,227,N
212,-1,-2,243,N
212,2,0,214,N
212,2,1,198,N
212,2,2,182,N
212,2,-1,230,N
212,2,-2,246,N
212,-2,0,210,N
212,-2,1,194,N
212,-2,2,178,N
212,-2,-1,226,N
212,-2,-2,242,N
213,0,0,213,N
213,0,1,197,N
213,0,2,181,N
213,0,-1,229,N
213,0,-2,245,N
213,1,0,214,N
213,1,1,198,N
213,1,2,182,N
213,1,-1,230,N
213,1,-2,246,N
213,-1,0,212,N
213,-1,1,196,N
213,-1,2,180,N
213,-1,-1,228,N
213,-1,-2,244,N
213,2,0,215,N
213,2,1,199,N
213,2,2,183,N
213,2,-1,231,N
213,2,-2,247,N
213,-2,0,211,N
213,-2,1,195,N
213,-2,2,179,N
213,-2,-1,227,N
213,-2,-2,243,N
214,0,0,214,N
214,0,1,198,N
214,0,2,182,N
214,0,-1,230,N
214,0,-2,246,N
214,1,0,215,N
214,1,1,199,N
214,1,2,183,N
214,1,-1,231,N
214,1,-2,247,N
214,-1,0,213,N
214,-1,1,197,N
214,-1,2,181,N
214,-1,-1,229,N
214,-1,-2,245,N
214,2,0,216,N
214,2,1,200,N
214,2,2,184,N
214,2,-1,232,N
214,2,-2,248,N
214,-2,0,212,N
214,-2,1,196,N
214,-2,2,180,N
214,-2,-1,228,N
214,-2,-2,244,N
215,0,0,215,N
215,0,1,199,N
215,0,2,183,N
215,0,-1,231,N
215,0,-2,247,N
215,1,0,216,N
215,1,1,200,N
215,1,2,184,N
215,1,-1,232,N
215,1,-2,248,N
215,-1,0,214,N
215,-1,1,198,N
215,-1,2,182,N
215,-1,-1,230,N
215,-1,-2,246,N
215,2,0,217,N
215,2,1,201,N
215,2,2,185,N
215,2,-1,233,N
215,2,-2,249,N
215,-2,0,213,N
215,-2,1,197,N
215,-2,2,181,N
215,-2,-1,229,N
215,-2,-2,245,N
216,0,0,216,N
216,0,1,200,N
216,0,2,184,N
216,0,-1,232,N
216,0,-2,248,N
216,1,0,217,N
216,1,1,201,N
216,1,2,185,N
216,1,-1,233,N
216,1,-2,249,N
216,-1,0,215,N
216,-1,1,199,N
216,-1,2,183,N
216,-1,-1,231,N
216,-1,-2,247,N
216,2,0,218,N
216,2,1,202,N
216,2,2,186,N
216,2,-1,234,N
216,2,-2,250,N
216,-2,0,214,N
216,-2,1,198,N
216,-2,2,182,N
216,-2,-1,230,N
216,-2,-2,246,N
217,0,0,217,N
217,0,1,201,N
217,0,2,185,N
217,0,-1,233,N
217,0,-2,249,N
217,1,0,218,N
217,1,1,202,N
217,1,2,186,N
217,1,-1,234,N
217,1,-2,250,N
217,-1,0,216,N
217,-1,1,200,N
217,-1,2,184,N
217,-1,-1,232,N
217,-1,-2,248,N
217,2,0,219,N
217,2,1,203,N
217,2,2,187,N
217,2,-1,235,N
217,2,-2,251,N
217,-2,0,215,N
217,-2,1,199,N
217,-2,2,183,N
217,-2,-1,231,N
217,-2,-2,247,N
218,0,0,218,N
218,0,1,202,N
218,0,2,186,N
218,0,-1,234,N
218,0,-2,250,N
218,1,0,219,N
218,1,1,203,N
218,1,2,187,N
218,1,-1,235,N
218,1,-2,251,N
218,-1,0,217,N
218,-1,1,201,N
218,-1,2,185,N
218,-1,-1,233,N
218,-1,-2,249,N
218,2,0,220,N
218,2,1,204,N
218,2,2,188,N
218,2,-1,236,N
218,2,-2,252,N
218,-2,0,216,N
218,-2,1,200,N
218,-2,2,184,N
218,-2,-1,232,N
218,-2,-2,248,N
219,0,0,219,N
219,0,1,203,N
219,0,2,187,N
219,0,-1,235,N
219,0,-2,251,N
219,1,0,220,N
219,1,1,204,N
219,1,2,188,N
219,1,-1,236,N
219,1,-2,252,N
219,-1,0,218,N
219,-1,1,202,N
219,-1,2,186,N
219,-1,-1,234,N
219,-1,-2,250,N
219,2,0,221,N
219,2,1,205,N
219,2,2,189,N
219,2,-1,237,N
219,2,-2,253,N
219,-2,0,217,N
219,-2,1,201,N
219,-2,2,185,N
219,-2,-1,233,N
219,-2,-2,249,N
220,0,0,220,N
220,0,1,204,N
220,0,2,188,N
220,0,-1,236,N
220,0,-2,252,N
220,1,0,221,N
220,1,1,205,N
220,1,2,189,N
220,1,-1,238,N
220,1,-2,254,N
220,-1,0,219,N
220,-1,1,203,N
220,-1,2,187,N
220,-1,-1,235,N
220,-1,-2,251,N
220,2,0,222,N
220,2,1,206,N
220,2,2,190,N
220,2,-1,238,N
220,2,-2,254,N
220,-2,0,218,N
220,-2,1,202,N
220,-2,2,186,N
220,-2,-1,234,N
220,-2,-2,250,N
221,0,0,221,N
221,0,1,205,N
221,0,2,189,N
221,0,-1,237,N
221,0,-2,253,N
221,1,0,222,N
221,1,1,206,N
221,1,2,190,N
221,1,-1,238,N
221,1,-2,254,N
221,-1,0,220,N
221,-1,1,204,N
221,-1,2,188,N
221,-1,-1,236,N
221,-1,-2,252,N
221,2,0,223,N
221,2,1,207,N
221,2,2,191,N
221,2,-1,239,N
221,2,-2,255,N
221,-2,0,219,N
221,-2,1,203,N
221,-2,2,187,N
221,-2,-1,235,N
221,-2,-2,251,N
222,0,0,222,N
222,0,1,206,N
222,0,2,190,N
222,0,-1,238,N
222,0,-2,254,N
222,1,0,223,N
222,1,1,207,N
222,1,2,191,N
222,1,-1,239,N
222,1,-2,255,N
222,-1,0,221,N
222,-1,1,205,N
222,-1,2,189,N
222,-1,-1,237,N
222,-1,-2,253,N
222,2,0,224,N
222,2,1,208,N
222,2,2,192,N
222,2,-1,240,N
222,2,-2,256,N
222,-2,0,220,N
222,-2,1,204,N
222,-2,2,188,N
222,-2,-1,236,N
222,-2,-2,252,N
223,0,0,223,N
223,0,1,207,N
223,0,2,191,N
223,0,-1,239,N
223,0,-2,255,N
223,1,0,224,N
223,1,1,208,N
223,1,2,192,N
223,1,-1,240,N
223,1,-2,256,N
223,-1,0,222,N
223,-1,1,206,N
223,-1,2,190,N
223,-1,-1,238,N
223,-1,-2,254,N
223,2,0,0,N
223,2,1,0,N
223,2,2,0,N
223,2,-1,0,N
223,2,-2,0,N
223,-2,0,221,N
223,-2,1,205,N
223,-2,2,189,N
223,-2,-1,237,N
223,-2,-2,253,N
224,0,0,224,Y
224,0,1,208,Y
224,0,2,192,Y
224,0,-1,240,Y
224,0,-2,256,Y
224,1,0,0,Y
224,1,1,0,Y
224,1,2,0,Y
224,1,-1,0,Y
224,1,-2,0,Y
224,-1,0,223,Y
224,-1,1,207,Y
224,-1,2,191,Y
224,-1,-1,239,Y
224,-1,-2,255,Y
224,2,0,0,Y
224,2,1,0,Y
224,2,2,0,Y
224,2,-1,0,Y
224,2,-2,0,Y
224,-2,0,222,Y
224,-2,1,206,Y
224,-2,2,190,Y
224,-2,-1,238,Y
224,-2,-2,254,Y
225,0,0,225,Y
225,0,1,209,Y
225,0,2,193,Y
225,0,-1,241,Y
225,0,-2,0,Y
225,1,0,226,Y
225,1,1,210,Y
225,1,2,194,Y
225,1,-1,242,Y
225,1,-2,0,Y
225,-1,0,0,Y
225,-1,1,0,Y
225,-1,2,0,Y
225,-1,-1,0,Y
225,-1,-2,0,Y
225,2,0,227,Y
225,2,1,211,Y
225,2,2,195,Y
225,2,-1,243,Y
225,2,-2,0,Y
225,-2,0,0,Y
225,-2,1,0,Y
225,-2,2,0,Y
225,-2,-1,0,Y
225,-2,-2,0,Y
226,0,0,226,N
226,0,1,210,N
226,0,2,194,N
226,0,-1,242,N
226,0,-2,0,N
226,1,0,227,N
226,1,1,211,N
226,1,2,195,N
226,1,-1,243,N
226,1,-2,0,N
226,-1,0,225,N
226,-1,1,209,N
226,-1,2,195,N
226,-1,-1,241,N
226,-1,-2,0,N
226,2,0,228,N
226,2,1,212,N
226,2,2,196,N
226,2,-1,244,N
226,2,-2,0,N
226,-2,0,0,N
226,-2,1,0,N
226,-2,2,0,N
226,-2,-1,0,N
226,-2,-2,0,N
227,0,0,227,N
227,0,1,211,N
227,0,2,195,N
227,0,-1,243,N
227,0,-2,0,N
227,1,0,228,N
227,1,1,212,N
227,1,2,196,N
227,1,-1,244,N
227,1,-2,0,N
227,-1,0,226,N
227,-1,1,210,N
227,-1,2,194,N
227,-1,-1,242,N
227,-1,-2,0,N
227,2,0,229,N
227,2,1,213,N
227,2,2,197,N
227,2,-1,245,N
227,2,-2,0,N
227,-2,0,225,N
227,-2,1,209,N
227,-2,2,193,N
227,-2,-1,241,N
227,-2,-2,0,N
228,0,0,228,N
228,0,1,212,N
228,0,2,196,N
228,0,-1,244,N
228,0,-2,0,N
228,1,0,229,N
228,1,1,213,N
228,1,2,197,N
228,1,-1,245,N
228,1,-2,0,N
228,-1,0,227,N
228,-1,1,211,N
228,-1,2,195,N
228,-1,-1,243,N
228,-1,-2,0,N
228,2,0,230,N
228,2,1,214,N
228,2,2,198,N
228,2,-1,246,N
228,2,-2,0,N
228,-2,0,226,N
228,-2,1,210,N
228,-2,2,194,N
228,-2,-1,242,N
228,-2,-2,0,N
229,0,0,229,N
229,0,1,213,N
229,0,2,197,N
229,0,-1,245,N
229,0,-2,0,N
229,1,0,230,N
229,1,1,214,N
229,1,2,198,N
229,1,-1,246,N
229,1,-2,0,N
229,-1,0,228,N
229,-1,1,212,N
229,-1,2,196,N
229,-1,-1,244,N
229,-1,-2,0,N
229,2,0,231,N
229,2,1,215,N
229,2,2,199,N
229,2,-1,247,N
229,2,-2,0,N
229,-2,0,227,N
229,-2,1,211,N
229,-2,2,195,N
229,-2,-1,243,N
229,-2,-2,0,N
230,0,0,230,N
230,0,1,214,N
230,0,2,198,N
230,0,-1,246,N
230,0,-2,0,N
230,1,0,231,N
230,1,1,215,N
230,1,2,199,N
230,1,-1,247,N
230,1,-2,0,N
230,-1,0,229,N
230,-1,1,213,N
230,-1,2,199,N
230,-1,-1,245,N
230,-1,-2,0,N
230,2,0,232,N
230,2,1,216,N
230,2,2,200,N
230,2,-1,248,N
230,2,-2,0,N
230,-2,0,228,N
230,-2,1,212,N
230,-2,2,196,N
230,-2,-1,244,N
230,-2,-2,0,N
231,0,0,231,N
231,0,1,215,N
231,0,2,199,N
231,0,-1,247,N
231,0,-2,0,N
231,1,0,232,N
231,1,1,216,N
231,1,2,200,N
231,1,-1,248,N
231,1,-2,0,N
231,-1,0,230,N
231,-1,1,214,N
231,-1,2,198,N
231,-1,-1,246,N
231,-1,-2,0,N
231,2,0,233,N
231,2,1,217,N
231,2,2,201,N
231,2,-1,249,N
231,2,-2,0,N
231,-2,0,229,N
231,-2,1,213,N
231,-2,2,197,N
231,-2,-1,245,N
231,-2,-2,0,N
232,0,0,232,N
232,0,1,216,N
232,0,2,200,N
232,0,-1,248,N
232,0,-2,0,N
232,1,0,233,N
232,1,1,217,N
232,1,2,201,N
232,1,-1,249,N
232,1,-2,0,N
232,-1,0,231,N
232,-1,1,215,N
232,-1,2,199,N
232,-1,-1,247,N
232,-1,-2,0,N
232,2,0,234,N
232,2,1,218,N
232,2,2,202,N
232,2,-1,250,N
232,2,-2,0,N
232,-2,0,230,N
232,-2,1,214,N
232,-2,2,198,N
232,-2,-1,246,N
232,-2,-2,0,N
233,0,0,233,N
233,0,1,217,N
233,0,2,201,N
233,0,-1,249,N
233,0,-2,0,N
233,1,0,234,N
233,1,1,218,N
233,1,2,202,N
233,1,-1,250,N
233,1,-2,0,N
233,-1,0,232,N
233,-1,1,216,N
233,-1,2,200,N
233,-1,-1,248,N
233,-1,-2,0,N
233,2,0,235,N
233,2,1,219,N
233,2,2,203,N
233,2,-1,251,N
233,2,-2,0,N
233,-2,0,231,N
233,-2,1,215,N
233,-2,2,199,N
233,-2,-1,247,N
233,-2,-2,0,N
234,0,0,234,N
234,0,1,218,N
234,0,2,202,N
234,0,-1,250,N
234,0,-2,0,N
234,1,0,235,N
234,1,1,219,N
234,1,2,203,N
234,1,-1,251,N
234,1,-2,0,N
234,-1,0,233,N
234,-1,1,217,N
234,-1,2,201,N
234,-1,-1,249,N
234,-1,-2,0,N
234,2,0,236,N
234,2,1,220,N
234,2,2,204,N
234,2,-1,252,N
234,2,-2,0,N
234,-2,0,232,N
234,-2,1,216,N
234,-2,2,200,N
234,-2,-1,248,N
234,-2,-2,0,N
235,0,0,235,N
235,0,1,219,N
235,0,2,203,N
235,0,-1,251,N
235,0,-2,0,N
235,1,0,236,N
235,1,1,220,N
235,1,2,204,N
235,1,-1,252,N
235,1,-2,0,N
235,-1,0,234,N
235,-1,1,218,N
235,-1,2,202,N
235,-1,-1,250,N
235,-1,-2,0,N
235,2,0,237,N
235,2,1,221,N
235,2,2,205,N
235,2,-1,253,N
235,2,-2,0,N
235,-2,0,233,N
235,-2,1,217,N
235,-2,2,201,N
235,-2,-1,249,N
235,-2,-2,0,N
236,0,0,236,N
236,0,1,220,N
236,0,2,204,N
236,0,-1,252,N
236,0,-2,0,N
236,1,0,237,N
236,1,1,221,N
236,1,2,205,N
236,1,-1,253,N
236,1,-2,0,N
236,-1,0,235,N
236,-1,1,219,N
236,-1,2,203,N
236,-1,-1,251,N
236,-1,-2,0,N
236,2,0,238,N
236,2,1,222,N
236,2,2,206,N
236,2,-1,254,N
236,2,-2,0,N
236,-2,0,234,N
236,-2,1,218,N
236,-2,2,202,N
236,-2,-1,250,N
236,-2,-2,0,N
237,0,0,237,N
237,0,1,221,N
237,0,2,205,N
237,0,-1,253,N
237,0,-2,0,N
237,1,0,238,N
237,1,1,222,N
237,1,2,206,N
237,1,-1,254,N
237,1,-2,0,N
237,-1,0,236,N
237,-1,1,220,N
237,-1,2,204,N
237,-1,-1,252,N
237,-1,-2,0,N
237,2,0,239,N
237,2,1,223,N
237,2,2,207,N
237,2,-1,255,N
237,2,-2,0,N
237,-2,0,235,N
237,-2,1,219,N
237,-2,2,203,N
237,-2,-1,251,N
237,-2,-2,0,N
238,0,0,238,N
238,0,1,222,N
238,0,2,206,N
238,0,-1,254,N
238,0,-2,0,N
238,1,0,239,N
238,1,1,223,N
238,1,2,207,N
238,1,-1,255,N
238,1,-2,0,N
238,-1,0,237,N
238,-1,1,221,N
238,-1,2,205,N
238,-1,-1,253,N
238,-1,-2,0,N
238,2,0,240,N
238,2,1,224,N
238,2,2,208,N
238,2,-1,256,N
238,2,-2,0,N
238,-2,0,236,N
238,-2,1,220,N
238,-2,2,204,N
238,-2,-1,252,N
238,-2,-2,0,N
239,0,0,239,N
239,0,1,223,N
239,0,2,207,N
239,0,-1,255,N
239,0,-2,0,N
239,1,0,240,N
239,1,1,224,N
239,1,2,208,N
239,1,-1,256,N
239,1,-2,0,N
239,-1,0,238,N
239,-1,1,222,N
239,-1,2,206,N
239,-1,-1,254,N
239,-1,-2,0,N
239,2,0,0,N
239,2,1,0,N
239,2,2,0,N
239,2,-1,0,N
239,2,-2,0,N
239,-2,0,237,N
239,-2,1,221,N
239,-2,2,205,N
239,-2,-1,253,N
239,-2,-2,0,N
240,0,0,240,Y
240,0,1,224,Y
240,0,2,208,Y
240,0,-1,256,Y
240,0,-2,0,Y
240,1,0,0,Y
240,1,1,0,Y
240,1,2,0,Y
240,1,-1,0,Y
240,1,-2,0,Y
240,-1,0,239,Y
240,-1,1,223,Y
240,-1,2,207,Y
240,-1,-1,255,Y
240,-1,-2,0,Y
240,2,0,0,Y
240,2,1,0,Y
240,2,2,0,Y
240,2,-1,0,Y
240,2,-2,0,Y
240,-2,0,238,Y
240,-2,1,222,Y
240,-2,2,206,Y
240,-2,-1,254,Y
240,-2,-2,0,Y
241,0,0,241,Y
241,0,1,225,Y
241,0,2,209,Y
241,0,-1,0,Y
241,0,-2,0,Y
241,1,0,242,Y
241,1,1,226,Y
241,1,2,210,Y
241,1,-1,0,Y
241,1,-2,0,Y
241,-1,0,0,Y
241,-1,1,0,Y
241,-1,2,0,Y
241,-1,-1,0,Y
241,-1,-2,0,Y
241,2,0,243,Y
241,2,1,227,Y
241,2,2,211,Y
241,2,-1,0,Y
241,2,-2,0,Y
241,-2,0,0,Y
241,-2,1,0,Y
241,-2,2,0,Y
241,-2,-1,0,Y
241,-2,-2,0,Y
242,0,0,242,Y
242,0,1,226,Y
242,0,2,210,Y
242,0,-1,0,Y
242,0,-2,0,Y
242,1,0,243,Y
242,1,1,227,Y
242,1,2,211,Y
242,1,-1,0,Y
242,1,-2,0,Y
242,-1,0,241,Y
242,-1,1,225,Y
242,-1,2,209,Y
242,-1,-1,0,Y
242,-1,-2,0,Y
242,2,0,244,Y
242,2,1,228,Y
242,2,2,212,Y
242,2,-1,0,Y
242,2,-2,0,Y
242,-2,0,0,Y
242,-2,1,0,Y
242,-2,2,0,Y
242,-2,-1,0,Y
242,-2,-2,0,Y
243,0,0,243,Y
243,0,1,227,Y
243,0,2,211,Y
243,0,-1,0,Y
243,0,-2,0,Y
243,1,0,244,Y
243,1,1,228,Y
243,1,2,212,Y
243,1,-1,0,Y
243,1,-2,0,Y
243,-1,0,242,Y
243,-1,1,226,Y
243,-1,2,210,Y
243,-1,-1,0,Y
243,-1,-2,0,Y
243,2,0,245,Y
243,2,1,229,Y
243,2,2,213,Y
243,2,-1,0,Y
243,2,-2,0,Y
243,-2,0,241,Y
243,-2,1,225,Y
243,-2,2,209,Y
243,-2,-1,0,Y
243,-2,-2,0,Y
244,0,0,244,Y
244,0,1,228,Y
244,0,2,212,Y
244,0,-1,0,Y
244,0,-2,0,Y
244,1,0,245,Y
244,1,1,229,Y
244,1,2,213,Y
244,1,-1,0,Y
244,1,-2,0,Y
244,-1,0,243,Y
244,-1,1,227,Y
244,-1,2,211,Y
244,-1,-1,0,Y
244,-1,-2,0,Y
244,2,0,246,Y
244,2,1,230,Y
244,2,2,214,Y
244,2,-1,0,Y
244,2,-2,0,Y
244,-2,0,242,Y
244,-2,1,226,Y
244,-2,2,210,Y
244,-2,-1,0,Y
244,-2,-2,0,Y
245,0,0,245,Y
245,0,1,229,Y
245,0,2,213,Y
245,0,-1,0,Y
245,0,-2,0,Y
245,1,0,246,Y
245,1,1,230,Y
245,1,2,214,Y
245,1,-1,0,Y
245,1,-2,0,Y
245,-1,0,244,Y
245,-1,1,228,Y
245,-1,2,212,Y
245,-1,-1,0,Y
245,-1,-2,0,Y
245,2,0,247,Y
245,2,1,231,Y
245,2,2,215,Y
245,2,-1,0,Y
245,2,-2,0,Y
245,-2,0,243,Y
245,-2,1,227,Y
245,-2,2,211,Y
245,-2,-1,0,Y
245,-2,-2,0,Y
246,0,0,246,Y
246,0,1,230,Y
246,0,2,214,Y
246,0,-1,0,Y
246,0,-2,0,Y
246,1,0,247,Y
246,1,1,231,Y
246,1,2,215,Y
246,1,-1,0,Y
246,1,-2,0,Y
246,-1,0,245,Y
246,-1,1,229,Y
246,-1,2,213,Y
246,-1,-1,0,Y
246,-1,-2,0,Y
246,2,0,248,Y
246,2,1,232,Y
246,2,2,216,Y
246,2,-1,0,Y
246,2,-2,0,Y
246,-2,0,244,Y
246,-2,1,228,Y
246,-2,2,212,Y
246,-2,-1,0,Y
246,-2,-2,0,Y
247,0,0,247,Y
247,0,1,231,Y
247,0,2,215,Y
247,0,-1,0,Y
247,0,-2,0,Y
247,1,0,248,Y
247,1,1,232,Y
247,1,2,216,Y
247,1,-1,0,Y
247,1,-2,0,Y
247,-1,0,246,Y
247,-1,1,230,Y
247,-1,2,214,Y
247,-1,-1,0,Y
247,-1,-2,0,Y
247,2,0,249,Y
247,2,1,233,Y
247,2,2,217,Y
247,2,-1,0,Y
247,2,-2,0,Y
247,-2,0,245,Y
247,-2,1,229,Y
247,-2,2,213,Y
247,-2,-1,0,Y
247,-2,-2,0,Y
248,0,0,248,Y
248,0,1,232,Y
248,0,2,216,Y
248,0,-1,0,Y
248,0,-2,0,Y
248,1,0,249,Y
248,1,1,233,Y
248,1,2,217,Y
248,1,-1,0,Y
248,1,-2,0,Y
248,-1,0,247,Y
248,-1,1,231,Y
248,-1,2,215,Y
248,-1,-1,0,Y
248,-1,-2,0,Y
248,2,0,250,Y
248,2,1,234,Y
248,2,2,218,Y
248,2,-1,0,Y
248,2,-2,0,Y
248,-2,0,246,Y
248,-2,1,230,Y
248,-2,2,214,Y
248,-2,-1,0,Y
248,-2,-2,0,Y
249,0,0,249,Y
249,0,1,233,Y
249,0,2,217,Y
249,0,-1,0,Y
249,0,-2,0,Y
249,1,0,250,Y
249,1,1,234,Y
249,1,2,218,Y
249,1,-1,0,Y
249,1,-2,0,Y
249,-1,0,248,Y
249,-1,1,232,Y
249,-1,2,216,Y
249,-1,-1,0,Y
249,-1,-2,0,Y
249,2,0,251,Y
249,2,1,235,Y
249,2,2,219,Y
249,2,-1,0,Y
249,2,-2,0,Y
249,-2,0,247,Y
249,-2,1,231,Y
249,-2,2,215,Y
249,-2,-1,0,Y
249,-2,-2,0,Y
250,0,0,250,Y
250,0,1,234,Y
250,0,2,218,Y
250,0,-1,0,Y
250,0,-2,0,Y
250,1,0,251,Y
250,1,1,235,Y
250,1,2,219,Y
250,1,-1,0,Y
250,1,-2,0,Y
250,-1,0,249,Y
250,-1,1,233,Y
250,-1,2,217,Y
250,-1,-1,0,Y
250,-1,-2,0,Y
250,2,0,252,Y
250,2,1,236,Y
250,2,2,220,Y
250,2,-1,0,Y
250,2,-2,0,Y
250,-2,0,248,Y
250,-2,1,232,Y
250,-2,2,216,Y
250,-2,-1,0,Y
250,-2,-2,0,Y
251,0,0,251,Y
251,0,1,235,Y
251,0,2,219,Y
251,0,-1,0,Y
251,0,-2,0,Y
251,1,0,252,Y
251,1,1,236,Y
251,1,2,220,Y
251,1,-1,0,Y
251,1,-2,0,Y
251,-1,0,250,Y
251,-1,1,234,Y
251,-1,2,218,Y
251,-1,-1,0,Y
251,-1,-2,0,Y
251,2,0,253,Y
251,2,1,237,Y
251,2,2,221,Y
251,2,-1,0,Y
251,2,-2,0,Y
251,-2,0,249,Y
251,-2,1,233,Y
251,-2,2,217,Y
251,-2,-1,0,Y
251,-2,-2,0,Y
252,0,0,252,Y
252,0,1,236,Y
252,0,2,220,Y
252,0,-1,0,Y
252,0,-2,0,Y
252,1,0,253,Y
252,1,1,237,Y
252,1,2,221,Y
252,1,-1,0,Y
252,1,-2,0,Y
252,-1,0,251,Y
252,-1,1,235,Y
252,-1,2,219,Y
252,-1,-1,0,Y
252,-1,-2,0,Y
252,2,0,254,Y
252,2,1,238,Y
252,2,2,222,Y
252,2,-1,0,Y
252,2,-2,0,Y
252,-2,0,250,Y
252,-2,1,234,Y
252,-2,2,218,Y
252,-2,-1,0,Y
252,-2,-2,0,Y
253,0,0,253,Y
253,0,1,237,Y
253,0,2,221,Y
253,0,-1,0,Y
253,0,-2,0,Y
253,1,0,254,Y
253,1,1,238,Y
253,1,2,222,Y
253,1,-1,0,Y
253,1,-2,0,Y
253,-1,0,252,Y
253,-1,1,236,Y
253,-1,2,220,Y
253,-1,-1,0,Y
253,-1,-2,0,Y
253,2,0,255,Y
253,2,1,239,Y
253,2,2,223,Y
253,2,-1,0,Y
253,2,-2,0,Y
253,-2,0,251,Y
253,-2,1,235,Y
253,-2,2,219,Y
253,-2,-1,0,Y
253,-2,-2,0,Y
254,0,0,254,Y
254,0,1,238,Y
254,0,2,222,Y
254,0,-1,0,Y
254,0,-2,0,Y
254,1,0,255,Y
254,1,1,239,Y
254,1,2,223,Y
254,1,-1,0,Y
254,1,-2,0,Y
254,-1,0,253,Y
254,-1,1,237,Y
254,-1,2,221,Y
254,-1,-1,0,Y
254,-1,-2,0,Y
254,2,0,256,Y
254,2,1,240,Y
254,2,2,224,Y
254,2,-1,0,Y
254,2,-2,0,Y
254,-2,0,252,Y
254,-2,1,236,Y
254,-2,2,220,Y
254,-2,-1,0,Y
254,-2,-2,0,Y
255,0,0,255,Y
255,0,1,239,Y
255,0,2,223,Y
255,0,-1,0,Y
255,0,-2,0,Y
255,1,0,256,Y
255,1,1,240,Y
255,1,2,224,Y
255,1,-1,0,Y
255,1,-2,0,Y
255,-1,0,254,Y
255,-1,1,238,Y
255,-1,2,222,Y
255,-1,-1,0,Y
255,-1,-2,0,Y
255,2,0,0,Y
255,2,1,0,Y
255,2,2,0,Y
255,2,-1,0,Y
255,2,-2,0,Y
255,-2,0,253,Y
255,-2,1,237,Y
255,-2,2,221,Y
255,-2,-1,0,Y
255,-2,-2,0,Y
256,0,0,256,Y
256,0,1,240,Y
256,0,2,224,Y
256,0,-1,0,Y
256,0,-2,0,Y
256,1,0,0,Y
256,1,1,0,Y
256,1,2,0,Y
256,1,-1,0,Y
256,1,-2,0,Y
256,-1,0,255,Y
256,-1,1,239,Y
256,-1,2,223,Y
256,-1,-1,0,Y
256,-1,-2,0,Y
256,2,0,0,Y
256,2,1,0,Y
256,2,2,0,Y
256,2,-1,0,Y
256,2,-2,0,Y
256,-2,0,254,Y
256,-2,1,238,Y
256,-2,2,222,Y
256,-2,-1,0,Y
256,-2,-2,0,Y